element,name,z_valence,ecut_eff,ecut_prec,eos_score,score,SC,BCC,FCC,DC,XO,XO2,XO3,X2O,X2O3,X2O5,ZA
H,GBRV-1.X,1,30,30,0.011030894805798889,0.011030894805798889,0.13,0.13,0.13,0.11,0.09,0.03,0.1,0.13,0.04,0.1,1
H,JTH-1.1-std,1,35,40,0.0006709726267444446,0.05067097262674445,0.09,0.11,0.11,0.09,0.01,0.01,0.03,0.04,0.01,0.09,1
H,PSL-PAW-v0.x,1,40,40,0.0,0.1,0.02,0.01,0.01,0.0,0.04,0.01,0.06,0.04,0.01,0.09,1
H,DOJO-041-std,1,50,60,0.013842821767139999,0.21384282176714,0.15,0.14,0.13,0.16,0.08,0.03,0.07,0.1,0.04,0.11,1
H,SG15,1,55,65,0.0,0.25,0.01,0.03,0.03,0.03,0.04,0.01,0.05,0.02,0.01,0.1,1
H,SPMS,1,55,60,0.017258465190524444,0.26725846519052443,0.16,0.14,0.14,0.16,0.09,0.03,0.08,0.1,0.04,0.11,1
H,PSL-PAW-v1-high,1,,,0.0,,0.02,0.01,0.01,0.0,0.04,0.01,0.06,0.04,0.01,0.09,1
H,PSL-US-v0.x,1,,,0.0,,0.06,0.06,0.06,0.05,0.06,0.02,0.06,0.06,0.02,0.1,1
H,PSL-US-v1-high,1,,,0.0,,0.06,0.06,0.06,0.05,0.06,0.02,0.06,0.06,0.02,0.1,1
He,SG15,2,45,45,0.2952800729823012,0.4452800729823012,0.3,0.28,0.28,0.09,0.68,0.54,1.57,0.32,0.96,0.07,2
He,JTH-1.1-std,2,75,100,0.05922755584236334,0.5092275558423633,0.05,0.03,0.05,0.06,0.3,0.16,0.67,0.21,0.27,0.06,2
He,SPMS,2,75,75,0.17556957644821003,0.6255695764482101,0.59,0.49,0.51,0.35,0.12,0.03,0.08,0.64,0.02,0.12,2
He,PSL-PAW-v1-high,2,90,90,0.026129591873341112,0.626129591873341,0.02,0.04,0.03,0.03,0.24,0.06,0.21,0.23,0.09,0.08,2
He,PSL-US-v1-high,2,90,90,0.046055896966528884,0.6460558969665289,0.05,0.09,0.16,0.25,0.21,0.04,0.19,0.25,0.09,0.09,2
He,DOJO-041-std,2,80,80,0.17786712264260215,0.6778671226426022,0.58,0.51,0.51,0.35,0.12,0.05,0.05,0.65,0.04,0.12,2
Li,GBRV-1.X,3,30,35,0.0,0.0,0.02,0.02,0.01,0.0,0.02,0.0,0.06,0.05,0.01,0.09,3
Li,PSL-US-v1-low,3,60,60,0.0,0.3,0.04,0.04,0.04,0.06,0.08,0.07,0.09,0.09,0.09,0.11,3
Li,PSL-PAW-v1-low,3,60,60,0.0011433653316511088,0.3011433653316511,0.05,0.05,0.06,0.07,0.09,0.07,0.11,0.1,0.1,0.11,3
Li,DOJO-041-std,3,65,70,0.03811961608158,0.38811961608158,0.08,0.07,0.09,0.05,0.17,0.12,0.37,0.27,0.19,0.05,3
Li,SG15,3,55,55,0.14837565572994776,0.39837565572994776,0.14,0.13,0.13,0.11,0.37,0.27,0.76,0.57,0.42,0.03,3
Li,PSL-US-v0.x,3,70,70,0.026243111461442217,0.4262431114614422,0.05,0.06,0.08,0.03,0.17,0.11,0.23,0.2,0.15,0.04,3
Li,SPMS,3,50,50,0.2763399532555522,0.47633995325555223,0.21,0.2,0.2,0.18,0.58,0.43,1.08,0.85,0.63,0.0,3
Li,JTH-1.1-std,3,50,55,0.2797631007756134,0.4797631007756134,0.07,0.06,0.05,0.07,0.7,0.52,1.22,0.92,0.77,0.09,3
Li,DOJO-041-str,3,80,90,0.0,0.5,0.03,0.04,0.07,0.01,0.05,0.03,0.08,0.07,0.04,0.07,3
Li,PSL-PAW-v1-high,3,90,100,0.0,0.6,0.02,0.01,0.02,0.04,0.01,0.02,0.02,0.02,0.03,0.09,3
Li,PSL-US-v1-high,3,90,100,0.0,0.6,0.02,0.03,0.08,0.01,0.02,0.0,0.01,0.03,0.0,0.08,3
Li,PSL-PAW-v0.x,3,,,0.017949544999463333,,0.02,0.03,0.02,0.0,0.16,0.1,0.21,0.17,0.13,0.05,3
Be,PSL-PAW-v1-low,2,30,30,0.005152626037689999,0.005152626037689999,0.08,0.14,0.15,0.08,0.1,0.08,0.1,0.09,0.1,0.06,4
Be,PSL-US-v1-low,2,30,30,0.008129434033111109,0.008129434033111109,0.09,0.15,0.16,0.09,0.11,0.08,0.11,0.1,0.1,0.07,4
Be,GBRV-1.X,4,35,35,0.0976629643620611,0.1476629643620611,0.33,0.46,0.47,0.26,0.14,0.05,0.17,0.11,0.08,0.01,4
Be,SPMS,4,45,50,0.02605525238470777,0.17605525238470776,0.22,0.15,0.11,0.15,0.14,0.02,0.17,0.1,0.04,0.12,4
Be,SG15,4,40,45,0.10832423604583552,0.20832423604583553,0.41,0.51,0.48,0.3,0.03,0.09,0.04,0.05,0.09,0.18,4
Be,JTH-1.1-std,4,35,60,0.20709507059524557,0.25709507059524556,0.4,0.44,0.43,0.27,0.44,0.28,0.24,0.28,0.32,0.09,4
Be,PSL-PAW-v1-low,4,60,90,0.005152626037689999,0.30515262603769,0.08,0.14,0.15,0.08,0.1,0.08,0.1,0.09,0.1,0.06,4
Be,PSL-US-v1-low,4,60,90,0.008129434033111109,0.3081294340331111,0.09,0.15,0.16,0.09,0.11,0.08,0.11,0.1,0.1,0.07,4
Be,PSL-PAW-v1-high,4,70,100,0.00017927965184222195,0.40017927965184225,0.04,0.1,0.11,0.05,0.07,0.06,0.09,0.06,0.07,0.05,4
Be,PSL-US-v1-high,4,80,100,0.005042815774632221,0.5050428157746322,0.08,0.14,0.15,0.07,0.1,0.07,0.1,0.09,0.09,0.06,4
Be,DOJO-041-str,4,90,100,0.12343083498811887,0.7234308349881189,0.37,0.51,0.51,0.27,0.19,0.06,0.24,0.12,0.11,0.03,4
Be,DOJO-041-std,4,,,0.19244007424796894,,0.51,0.73,0.74,0.39,0.23,0.06,0.32,0.13,0.13,0.07,4
B,PSL-PAW-v0.x,3,30,30,0.0,0.0,0.02,0.08,0.09,0.02,0.02,0.05,0.09,0.0,0.06,0.13,5
B,JTH-1.1-std,3,30,30,0.0014161985636166653,0.0014161985636166653,0.05,0.04,0.06,0.01,0.05,0.07,0.11,0.03,0.07,0.14,5
B,PSL-US-v1-high,3,30,30,0.043570125066422216,0.043570125066422216,0.2,0.34,0.29,0.18,0.09,0.08,0.1,0.11,0.11,0.09,5
B,PSL-PAW-v1-high,3,30,30,0.04960160614885886,0.04960160614885886,0.18,0.35,0.3,0.13,0.1,0.08,0.19,0.14,0.12,0.08,5
B,SPMS,3,45,50,0.009627531174202215,0.1596275311742022,0.18,0.06,0.1,0.27,0.04,0.05,0.09,0.03,0.05,0.1,5
B,SG15,3,35,35,0.18371855165759113,0.23371855165759114,0.4,0.2,0.06,0.73,0.27,0.3,0.52,0.31,0.36,0.05,5
B,DOJO-041-std,3,50,55,0.038273672833986666,0.23827367283398668,0.03,0.22,0.16,0.15,0.11,0.13,0.24,0.13,0.15,0.06,5
B,PSL-US-v0.x,3,,,0.0,,0.06,0.1,0.09,0.08,0.01,0.03,0.04,0.04,0.03,0.15,5
B,GBRV-1.X,3,,,0.02756171344070333,,0.14,0.18,0.17,0.16,0.03,0.03,0.07,0.11,0.04,0.16,5
C,GBRV-1.X,4,30,30,0.0,0.0,0.06,0.01,0.02,0.06,0.07,0.05,0.12,0.06,0.01,0.08,6
C,PSL-US-v0.x,4,30,30,0.002582635822895554,0.002582635822895554,0.12,0.09,0.08,0.23,0.01,0.04,0.1,0.01,0.04,0.1,6
C,PSL-PAW-v1-high,4,35,35,0.004364892438216663,0.05436489243821667,0.21,0.13,0.1,0.1,0.04,0.04,0.09,0.03,0.03,0.09,6
C,JTH-1.1-std,4,30,30,0.06182685022023556,0.06182685022023556,0.2,0.24,0.23,0.23,0.07,0.1,0.3,0.07,0.12,0.14,6
C,PSL-US-v1-high,4,35,35,0.016593480264283332,0.06659348026428333,0.15,0.17,0.16,0.06,0.07,0.06,0.14,0.05,0.06,0.07,6
C,SG15,4,60,65,0.002479562007623331,0.3024795620076233,0.09,0.08,0.09,0.37,0.1,0.05,0.12,0.04,0.05,0.07,6
C,DOJO-041-std,4,65,65,0.14688713127107889,0.4968871312710789,0.43,0.5,0.47,0.05,0.15,0.19,0.46,0.12,0.2,0.04,6
C,SPMS,4,65,70,0.15295069851933665,0.5029506985193367,0.45,0.52,0.48,0.07,0.16,0.2,0.47,0.12,0.2,0.04,6
C,PSL-PAW-v0.x,4,,,0.0,,0.05,0.05,0.07,0.04,0.01,0.03,0.09,0.02,0.04,0.11,6
N,DOJO-041-std,5,70,70,,,,,,,,,,,,,7
N,SG15,5,70,70,,,,,,,,,,,,,7
N,SPMS,5,70,70,,,,,,,,,,,,,7
N,JTH-1.1-std,5,45,45,,,,,,,,,,,,,7
N,PSL-PAW-v0.x,5,35,35,,,,,,,,,,,,,7
N,PSL-PAW-v1-high,5,40,40,,,,,,,,,,,,,7
N,PSL-US-v0.x,5,,,,,,,,,,,,,,,7
N,PSL-US-v1-high,5,,,,,,,,,,,,,,,7
N,GBRV-1.X,5,,,,,,,,,,,,,,,7
O,PSL-PAW-v0.x,6,40,45,0.0,0.1,0.01,0.01,0.01,0.0,0.01,0.01,0.01,0.01,0.01,0.01,8
O,PSL-PAW-v1-low,6,35,35,0.12305350711987734,0.17305350711987733,0.26,0.21,0.2,0.22,0.26,0.21,0.44,0.21,0.23,0.22,8
O,JTH-1.1-std,6,35,60,0.1421990772805187,0.19219907728051872,0.26,0.23,0.21,0.25,0.26,0.23,0.48,0.23,0.26,0.24,8
O,DOJO-041-std,6,70,75,0.0,0.4,0.04,0.07,0.07,0.02,0.04,0.08,0.1,0.08,0.04,0.05,8
O,SPMS,6,70,75,0.0,0.4,0.04,0.06,0.07,0.01,0.04,0.07,0.1,0.07,0.04,0.05,8
O,GBRV-1.X,6,35,35,0.3931296329256796,0.4431296329256796,0.54,0.45,0.44,0.5,0.54,0.48,0.81,0.48,0.52,0.48,8
O,SG15,6,75,80,0.0,0.45,0.08,0.03,0.02,0.07,0.08,0.03,0.23,0.03,0.06,0.05,8
O,DOJO-041-str,6,,,0.0,,0.05,0.07,0.08,0.03,0.05,0.08,0.06,0.08,0.05,0.06,8
O,PSL-PAW-v1-high,6,40,65,,,,,,,,,,,,,8
O,PSL-US-v0.x,6,,,0.0,,0.01,0.02,0.02,0.02,0.02,0.03,0.08,0.03,0.03,0.03,8
O,PSL-US-v1-high,6,,,0.1169742358068104,,0.25,0.2,0.19,0.21,0.25,0.2,0.43,0.2,0.23,0.21,8
O,PSL-US-v1-low,6,,,0.11851970751893888,,0.25,0.2,0.19,0.21,0.25,0.2,0.44,0.2,0.23,0.21,8
F,GBRV-1.X,7,40,40,0.03579825705746001,0.13579825705746001,0.21,0.23,0.27,0.18,0.07,0.07,0.02,0.1,0.07,0.09,9
F,PSL-PAW-v0.x,7,65,70,0.0,0.35000000000000003,0.03,0.03,0.05,0.03,0.01,0.02,0.05,0.02,0.01,0.06,9
F,PSL-PAW-v1-high,7,65,70,0.0,0.35000000000000003,0.05,0.04,0.03,0.05,0.06,0.03,0.14,0.03,0.04,0.04,9
F,PSL-US-v1-high,7,65,70,0.0013742646545233323,0.35137426465452337,0.11,0.05,0.1,0.1,0.06,0.04,0.17,0.08,0.05,0.02,9
F,JTH-1.1-std,7,70,70,0.0003054461699233325,0.40030544616992336,0.1,0.08,0.1,0.11,0.05,0.06,0.06,0.05,0.07,0.08,9
F,SPMS,7,70,75,0.03361606461357222,0.43361606461357227,0.16,0.24,0.26,0.14,0.05,0.06,0.04,0.14,0.04,0.12,9
F,DOJO-041-std,7,75,75,0.03711912902055,0.48711912902055,0.17,0.25,0.28,0.15,0.05,0.06,0.04,0.14,0.04,0.12,9
F,SG15,7,120,120,0.005768193614676663,0.9057681936146766,0.02,0.12,0.13,0.02,0.05,0.03,0.2,0.07,0.06,0.08,9
F,PSL-US-v0.x,7,,,0.0,,0.04,0.09,0.03,0.02,0.01,0.01,0.07,0.04,0.01,0.04,9
Ne,SPMS,8,65,90,0.555110124881071,0.9051101248810711,1.31,1.62,1.4,0.88,0.41,0.2,0.59,0.81,0.2,0.03,10
Ne,JTH-1.1-std,8,120,120,0.09945198637342442,0.9994519863734245,0.18,0.21,0.2,0.26,0.18,0.27,0.41,0.14,0.26,0.09,10
Ne,DOJO-041-std,8,80,100,0.5591310498591076,1.0591310498591076,1.41,1.72,1.47,0.95,0.51,0.11,0.41,0.88,0.1,0.03,10
Ne,PSL-PAW-v1-high,8,150,150,0.022346345159597776,1.2223463451595977,0.12,0.13,0.11,0.2,0.15,0.03,0.08,0.19,0.0,0.06,10
Ne,DOJO-041-str,8,150,150,0.5814359675103655,1.7814359675103655,1.43,2.03,1.54,0.98,0.54,0.1,0.4,0.94,0.09,0.03,10
Ne,PSL-US-v1-high,8,50,65,12.02984046043378,12.22984046043378,22.26,35.94,14.39,15.64,3.45,5.82,8.79,27.34,6.1,5.38,10
Ne,SG15,8,,,1.945833059384553,,0.67,0.36,0.41,1.31,2.51,4.37,9.44,1.13,4.93,2.72,10
Na,PSL-US-v0.x,9,45,50,0.18023264346083334,0.33023264346083336,0.19,0.16,0.16,0.04,0.41,0.41,0.67,0.5,0.44,0.15,11
Na,PSL-PAW-v1-low,9,80,120,0.0,0.5,0.02,0.01,0.01,0.02,0.08,0.06,0.13,0.08,0.05,0.04,11
Na,PSL-US-v1-low,9,80,120,0.00792438176315111,0.5079243817631511,0.05,0.03,0.08,0.2,0.12,0.08,0.14,0.11,0.07,0.02,11
Na,GBRV-1.X,9,35,35,0.4645452272912267,0.5145452272912268,0.13,0.12,0.14,0.19,0.89,1.06,1.45,0.84,1.11,0.61,11
Na,DOJO-041-std,9,80,80,0.0689453870941111,0.5689453870941111,0.11,0.08,0.11,0.27,0.23,0.17,0.3,0.24,0.19,0.05,11
Na,PSL-PAW-v1-high,9,80,120,0.1811483526928811,0.6811483526928811,0.3,0.28,0.28,0.29,0.33,0.29,0.45,0.36,0.31,0.09,11
Na,PSL-US-v1-high,9,80,120,0.23881054002795332,0.7388105400279533,0.37,0.32,0.37,0.52,0.38,0.31,0.46,0.39,0.34,0.11,11
Na,SG15,9,80,80,0.2998626456516756,0.7998626456516755,0.14,0.13,0.15,0.23,0.53,0.67,1.19,0.67,0.77,0.3,11
Na,JTH-1.1-std,9,65,100,0.5631245376618234,0.9131245376618233,0.19,0.21,0.2,0.17,1.07,1.13,1.75,1.17,1.22,0.62,11
Na,SPMS,9,45,45,1.301061303310001,1.4510613033100008,1.2,1.09,1.1,1.22,1.53,1.75,2.75,1.84,1.98,0.9,11
Na,PSL-PAW-v0.x,9,,,0.0,,0.0,0.01,0.0,0.01,0.05,0.05,0.12,0.03,0.03,0.05,11
Mg,GBRV-1.X,10,35,35,0.0,0.05,0.03,0.03,0.03,0.01,0.01,0.03,0.02,0.04,0.03,0.06,12
Mg,SPMS,10,50,50,0.02525029524946111,0.2252502952494611,0.08,0.09,0.1,0.06,0.22,0.1,0.45,0.05,0.19,0.12,12
Mg,SG15,10,45,80,0.1037070614312811,0.2537070614312811,0.15,0.17,0.19,0.2,0.39,0.18,0.59,0.15,0.27,0.14,12
Mg,PSL-PAW-v1-low,10,80,80,0.0,0.5,0.04,0.02,0.03,0.03,0.01,0.02,0.02,0.04,0.02,0.06,12
Mg,PSL-US-v1-low,10,80,80,0.0,0.5,0.01,0.01,0.02,0.0,0.0,0.02,0.02,0.02,0.02,0.05,12
Mg,PSL-PAW-v1-high,10,80,100,0.002398708100218888,0.5023987081002189,0.04,0.06,0.05,0.02,0.12,0.07,0.16,0.1,0.09,0.0,12
Mg,DOJO-041-std,10,75,80,0.10814863934482,0.5581486393448201,0.19,0.2,0.2,0.17,0.33,0.2,0.36,0.26,0.23,0.08,12
Mg,PSL-US-v1-high,10,80,100,0.15060637113642222,0.6506063711364223,0.31,0.34,0.31,0.28,0.31,0.17,0.3,0.28,0.19,0.07,12
Mg,JTH-1.1-std,10,50,50,0.5065311765131921,0.7065311765131921,0.19,0.33,0.32,0.23,1.45,0.97,2.35,0.36,1.35,0.26,12
Al,PSL-PAW-v1-high,3,30,30,0.003170675743482223,0.003170675743482223,0.03,0.1,0.1,0.04,0.08,0.04,0.3,0.09,0.08,0.13,13
Al,PSL-US-v1-low,3,30,30,0.007219669892511108,0.007219669892511108,0.11,0.1,0.11,0.11,0.04,0.1,0.28,0.08,0.14,0.01,13
Al,PSL-PAW-v1-low,3,30,30,0.008614391256962221,0.008614391256962221,0.04,0.08,0.09,0.03,0.12,0.08,0.21,0.1,0.04,0.15,13
Al,PSL-US-v1-high,3,30,30,0.024937211491019993,0.024937211491019993,0.11,0.13,0.14,0.08,0.02,0.15,0.4,0.07,0.2,0.02,13
Al,JTH-1.1-std,3,30,30,0.056653198213058885,0.056653198213058885,0.08,0.17,0.17,0.03,0.22,0.17,0.18,0.2,0.08,0.23,13
Al,GBRV-1.X,3,30,30,0.06390846956635222,0.06390846956635222,0.19,0.07,0.02,0.28,0.03,0.23,0.43,0.12,0.24,0.07,13
Al,SPMS,3,30,30,0.09346964206915553,0.09346964206915553,0.23,0.34,0.33,0.15,0.11,0.13,0.25,0.21,0.22,0.02,13
Al,DOJO-041-std,3,30,30,0.10072643432823776,0.10072643432823776,0.26,0.37,0.36,0.15,0.26,0.09,0.06,0.34,0.02,0.14,13
Al,DOJO-041-str,3,30,30,0.10072643432823776,0.10072643432823776,0.26,0.37,0.36,0.15,0.26,0.09,0.06,0.34,0.02,0.14,13
Al,PSL-US-v0.x,3,30,30,0.10512561394496113,0.10512561394496113,0.21,0.27,0.27,0.21,0.2,0.17,0.26,0.22,0.17,0.15,13
Al,SG15,11,60,65,0.06329121081395778,0.36329121081395777,0.13,0.27,0.21,0.07,0.03,0.19,0.17,0.2,0.17,0.21,13
Al,PSL-PAW-v0.x,3,,,0.12050285406932554,,0.15,0.24,0.24,0.12,0.25,0.26,0.3,0.23,0.26,0.23,13
Si,PSL-US-v1-high,4,30,30,0.0,0.0,0.04,0.05,0.08,0.03,0.03,0.03,0.2,0.03,0.01,0.08,14
Si,PSL-PAW-v1-high,4,30,30,0.00025449331085777697,0.00025449331085777697,0.08,0.1,0.14,0.05,0.06,0.02,0.04,0.05,0.01,0.07,14
Si,SPMS,4,30,30,0.00455509577856111,0.00455509577856111,0.07,0.04,0.05,0.06,0.01,0.14,0.29,0.01,0.11,0.03,14
Si,DOJO-041-std,4,30,30,0.004711754474207775,0.004711754474207775,0.06,0.04,0.05,0.06,0.01,0.14,0.28,0.01,0.11,0.03,14
Si,DOJO-041-str,4,30,30,0.004711784200293331,0.004711784200293331,0.06,0.04,0.05,0.06,0.01,0.14,0.28,0.01,0.11,0.03,14
Si,GBRV-1.X,4,30,30,0.015868348500264445,0.015868348500264445,0.11,0.13,0.15,0.12,0.07,0.1,0.09,0.08,0.15,0.14,14
Si,PSL-PAW-v0.x,4,30,30,0.028641716355603322,0.028641716355603322,0.14,0.18,0.22,0.18,0.12,0.06,0.1,0.13,0.04,0.08,14
Si,SG15,4,30,30,0.06703764109396333,0.06703764109396333,0.2,0.05,0.07,0.29,0.09,0.27,0.56,0.13,0.22,0.07,14
Si,JTH-1.1-std,4,,,,,,,,,,,,,,,14
Si,PSL-PAW-v1-low,4,,,0.0043724392780855525,,0.1,0.13,0.16,0.09,0.09,0.1,0.1,0.1,0.07,0.09,14
Si,PSL-US-v0.x,4,,,0.014765161874003332,,0.1,0.15,0.2,0.15,0.1,0.04,0.02,0.11,0.08,0.11,14
Si,PSL-US-v1-low,4,,,0.005443881806623332,,0.1,0.12,0.15,0.12,0.07,0.05,0.01,0.07,0.09,0.11,14
P,PSL-US-v1-high,5,30,30,0.0,0.0,0.05,0.04,0.04,0.08,0.01,0.04,0.32,0.01,0.02,0.06,15
P,GBRV-1.X,5,30,30,0.0008366969508199993,0.0008366969508199993,0.11,0.1,0.08,0.09,0.04,0.07,0.08,0.07,0.07,0.12,15
P,DOJO-041-std,5,30,30,0.004685692648489997,0.004685692648489997,0.09,0.04,0.04,0.14,0.01,0.1,0.36,0.01,0.06,0.06,15
P,DOJO-041-str,5,30,30,0.004685692648489997,0.004685692648489997,0.09,0.04,0.04,0.14,0.01,0.1,0.36,0.01,0.06,0.06,15
P,SPMS,5,30,30,0.0059506153320811085,0.0059506153320811085,0.09,0.05,0.04,0.15,0.01,0.11,0.36,0.01,0.07,0.06,15
P,PSL-US-v0.x,5,30,30,0.12215695525480778,0.12215695525480778,0.23,0.32,0.34,0.49,0.18,0.21,0.06,0.23,0.19,0.2,15
P,PSL-PAW-v0.x,5,30,30,0.13279816018694446,0.13279816018694446,0.3,0.35,0.36,0.55,0.2,0.18,0.11,0.24,0.18,0.17,15
P,SG15,5,50,50,0.00976414724526222,0.20976414724526224,0.11,0.03,0.03,0.18,0.04,0.05,0.2,0.03,0.01,0.1,15
P,PSL-PAW-v1-low,5,35,35,0.17840053448845886,0.22840053448845887,0.37,0.38,0.39,0.52,0.08,0.23,0.6,0.2,0.22,0.07,15
P,PSL-US-v1-low,5,35,35,0.18329501789425448,0.2332950178942545,0.38,0.39,0.39,0.52,0.09,0.23,0.63,0.21,0.23,0.06,15
P,JTH-1.1-std,5,,,0.0,,0.03,0.06,0.03,0.06,0.02,0.02,0.1,0.04,0.04,0.08,15
P,PSL-PAW-v1-high,5,,,0.0,,0.03,0.01,0.02,0.01,0.02,0.03,0.16,0.01,0.01,0.05,15
S,PSL-PAW-v1-high,6,30,30,0.0,0.0,0.01,0.04,0.03,0.01,0.01,0.05,0.52,0.02,0.02,0.05,16
S,DOJO-041-std,6,35,35,0.0,0.05,0.04,0.04,0.05,0.05,0.02,0.01,0.02,0.04,0.01,0.1,16
S,DOJO-050-std,6,35,35,0.0,0.05,0.03,0.03,0.04,0.04,0.01,0.0,0.02,0.03,0.02,0.09,16
S,JTH-1.1-std,6,35,35,0.0008060235309400002,0.050806023530940006,0.07,0.04,0.05,0.11,0.02,0.02,0.16,0.04,0.01,0.07,16
S,PSL-US-v1-low,6,35,35,0.07326286336950777,0.12326286336950777,0.24,0.25,0.24,0.2,0.08,0.13,0.7,0.14,0.16,0.01,16
S,PSL-PAW-v1-low,6,35,35,0.07613153525942112,0.1261315352594211,0.23,0.25,0.24,0.2,0.09,0.14,1.02,0.15,0.17,0.02,16
S,PSL-PAW-v0.x,6,30,30,0.2344705674536155,0.2344705674536155,0.5,0.46,0.47,0.64,0.24,0.28,0.22,0.35,0.25,0.24,16
S,SG15,6,,,0.22881272394206892,,0.48,0.46,0.46,0.47,0.13,0.3,1.05,0.29,0.26,0.1,16
S,SPMS,6,,,0.0,,0.06,0.06,0.07,0.07,0.03,0.02,0.08,0.06,0.0,0.11,16
S,PSL-US-v0.x,6,,,0.22773304708745,,0.47,0.44,0.46,0.61,0.23,0.34,0.1,0.35,0.28,0.28,16
S,PSL-US-v1-high,6,,,0.0,,0.04,0.05,0.04,0.02,0.02,0.02,0.27,0.01,0.03,0.07,16
S,GBRV-1.X,6,,,0.0033487911417088875,,0.07,0.08,0.09,0.09,0.05,0.06,0.29,0.08,0.07,0.13,16
Cl,PSL-PAW-v1-high,7,30,30,0.0,0.0,0.02,0.01,0.01,0.02,0.04,0.09,0.33,0.01,0.07,0.08,17
Cl,PSL-US-v1-high,7,30,30,0.0,0.0,0.03,0.03,0.02,0.03,0.03,0.07,0.26,0.01,0.06,0.08,17
Cl,SPMS,7,35,40,0.004814526612802221,0.05481452661280222,0.07,0.11,0.1,0.06,0.02,0.11,0.53,0.04,0.12,0.07,17
Cl,JTH-1.1-std,7,30,30,0.06175255390154223,0.06175255390154223,0.13,0.13,0.14,0.13,0.16,0.29,0.9,0.12,0.27,0.05,17
Cl,PSL-PAW-v0.x,7,30,30,0.10689175486931886,0.10689175486931886,0.33,0.31,0.31,0.37,0.15,0.11,0.04,0.22,0.12,0.21,17
Cl,DOJO-041-std,7,45,50,0.008289854505948886,0.15828985450594887,0.1,0.13,0.13,0.11,0.03,0.02,0.01,0.08,0.01,0.14,17
Cl,PSL-PAW-v1-low,7,60,60,0.0,0.3,0.04,0.03,0.04,0.04,0.01,0.01,0.03,0.02,0.02,0.12,17
Cl,PSL-US-v1-low,7,60,60,0.0,0.3,0.05,0.05,0.06,0.06,0.01,0.02,0.07,0.04,0.01,0.13,17
Cl,SG15,7,40,45,0.6639411053395577,0.7639411053395577,0.77,0.73,0.74,0.74,0.62,1.13,2.72,0.58,1.03,0.53,17
Cl,DOJO-041-str,7,,,0.008289854505948886,,0.1,0.13,0.13,0.11,0.03,0.02,0.01,0.08,0.01,0.14,17
Cl,PSL-US-v0.x,7,,,0.12511744401839,,0.33,0.31,0.31,0.37,0.15,0.16,0.18,0.22,0.13,0.22,17
Cl,GBRV-1.X,7,,,0.01308399448970555,,0.11,0.13,0.14,0.11,0.04,0.05,0.13,0.09,0.06,0.16,17
Ar,PSL-PAW-v1-low,8,70,100,0.011368923767677777,0.4113689237676778,0.02,0.05,0.02,0.07,0.03,0.13,0.21,0.17,0.11,0.04,18
Ar,SPMS,8,45,45,0.30558113197321995,0.4555811319732199,0.75,0.99,0.86,0.64,0.15,0.08,0.35,0.6,0.06,0.06,18
Ar,PSL-US-v1-low,8,70,100,0.07835272014117779,0.4783527201411778,0.3,0.3,0.23,0.2,0.06,0.11,0.17,0.29,0.09,0.05,18
Ar,PSL-US-v0.x,8,75,75,0.039167423975703324,0.48916742397570334,0.12,0.13,0.06,0.08,0.09,0.24,0.5,0.16,0.21,0.03,18
Ar,DOJO-041-std,8,60,65,0.29295265446237895,0.5929526544623789,0.78,1.01,0.88,0.66,0.2,0.05,0.04,0.63,0.06,0.1,18
Ar,PSL-PAW-v1-high,8,100,100,0.010663841412717777,0.7106638414127179,0.02,0.04,0.03,0.05,0.03,0.14,0.32,0.15,0.11,0.03,18
Ar,PSL-US-v1-high,8,100,100,0.04867613700105334,0.7486761370010534,0.22,0.22,0.15,0.15,0.05,0.11,0.19,0.24,0.09,0.03,18
Ar,JTH-1.1-std,8,45,65,0.684401830115283,0.834401830115283,0.21,0.17,0.22,0.19,1.5,1.96,4.91,0.32,1.84,0.66,18
Ar,PSL-PAW-v0.x,8,,,0.03550064740163333,,0.01,0.02,0.05,0.02,0.11,0.27,0.61,0.1,0.24,0.04,18
K,SG15,9,30,30,0.0,0.0,0.0,0.0,0.0,0.02,0.04,0.04,0.14,0.05,0.04,0.0,19
K,SPMS,9,30,30,0.0,0.0,0.03,0.04,0.04,0.04,0.01,0.02,0.18,0.02,0.03,0.01,19
K,PSL-PAW-v1-high,9,55,55,0.0,0.25,0.01,0.0,0.0,0.02,0.04,0.05,0.03,0.04,0.06,0.09,19
K,PSL-US-v1-high,9,55,55,0.0,0.25,0.04,0.06,0.05,0.02,0.01,0.02,0.01,0.01,0.04,0.08,19
K,JTH-1.1-std,9,30,30,0.32764869997721896,0.32764869997721896,0.04,0.04,0.04,0.01,0.66,0.79,1.65,0.58,0.76,0.66,19
K,GBRV-1.X,9,70,75,0.0,0.4,0.01,0.01,0.0,0.03,0.06,0.08,0.07,0.05,0.09,0.12,19
K,DOJO-041-std,9,,,0.0,,0.01,0.02,0.01,0.0,0.04,0.07,0.06,0.04,0.08,0.11,19
Ca,GBRV-1.X,10,30,30,0.0,0.0,0.03,0.01,0.0,0.02,0.03,0.05,0.02,0.07,0.05,0.12,20
Ca,JTH-1.1-std,10,35,40,0.0,0.05,0.01,0.01,0.01,0.02,0.04,0.04,0.02,0.08,0.04,0.11,20
Ca,SPMS,10,30,30,0.10822650820280219,0.10822650820280219,0.58,0.37,0.32,0.31,0.05,0.03,0.03,0.38,0.03,0.04,20
Ca,PSL-PAW-v1-high,10,50,55,0.0,0.2,0.01,0.01,0.01,0.02,0.01,0.01,0.02,0.06,0.0,0.08,20
Ca,PSL-US-v1-high,10,50,55,0.0,0.2,0.1,0.02,0.03,0.03,0.04,0.01,0.04,0.01,0.02,0.06,20
Ca,DOJO-041-std,10,55,60,0.0012100002481577764,0.25121000024815776,0.02,0.06,0.04,0.04,0.04,0.05,0.03,0.11,0.05,0.11,20
Ca,SG15,10,,,0.02104376872647667,,0.21,0.15,0.13,0.13,0.08,0.11,0.15,0.06,0.12,0.02,20
Sc,GBRV-1.X,11,30,30,0.0,0.0,0.04,0.03,0.04,0.02,0.06,0.08,0.08,0.04,0.08,0.08,21
Sc,JTH-1.1-std,11,30,30,0.09165025506207444,0.09165025506207444,0.04,0.02,0.01,0.2,0.29,0.29,0.4,0.19,0.31,0.15,21
Sc,SPMS,11,35,35,0.11744767741072556,0.16744767741072558,0.3,0.06,0.04,1.55,0.01,0.26,0.26,0.45,0.23,0.17,21
Sc,SG15,11,35,35,0.11747544830009667,0.16747544830009667,0.06,0.14,0.12,0.77,0.19,0.35,0.39,0.07,0.35,0.22,21
Sc,PSL-US-v1-high,11,60,70,0.0,0.3,0.03,0.02,0.02,0.28,0.05,0.06,0.09,0.07,0.07,0.06,21
Sc,DOJO-041-std,11,65,70,0.0,0.35000000000000003,0.02,0.06,0.08,0.11,0.04,0.05,0.06,0.02,0.05,0.02,21
Sc,PSL-PAW-v0.x,11,55,60,0.10902943529270555,0.35902943529270553,0.08,0.05,0.05,0.25,0.3,0.29,0.35,0.25,0.32,0.18,21
Sc,PSL-US-v0.x,11,55,60,0.11253168334314778,0.3625316833431478,0.1,0.07,0.08,0.26,0.31,0.28,0.34,0.26,0.32,0.18,21
Sc,PSL-PAW-v1-high,11,,,0.007556427929777777,,0.13,0.12,0.1,0.04,0.11,0.09,0.09,0.14,0.1,0.09,21
Ti,GBRV-1.X,12,30,30,0.0,0.0,0.02,0.02,0.02,0.03,0.03,0.06,0.05,0.03,0.05,0.03,22
Ti,SG15,12,40,45,0.10272817306391777,0.20272817306391777,0.17,0.09,0.11,0.62,0.11,0.32,0.43,0.15,0.26,0.16,22
Ti,DOJO-041-std,12,65,70,0.0026569628991455546,0.3526569628991456,0.02,0.12,0.11,0.06,0.05,0.08,0.13,0.01,0.06,0.04,22
Ti,PSL-PAW-v1-high,12,45,55,0.2952177782939567,0.4452177782939567,0.4,0.38,0.4,0.41,0.45,0.39,0.51,0.45,0.42,0.26,22
Ti,PSL-US-v1-high,12,45,55,0.33925106866097887,0.4892510686609789,0.46,0.47,0.48,0.47,0.49,0.39,0.49,0.5,0.43,0.27,22
Ti,SPMS,12,,,0.04076040939008888,,0.1,0.06,0.07,0.39,0.04,0.19,0.3,0.13,0.15,0.08,22
Ti,JTH-1.1-std,12,,,0.22807043695976661,,0.35,0.36,0.37,0.38,0.44,0.3,0.25,0.4,0.33,0.21,22
V,GBRV-1.X,13,30,35,0.0019720248894777768,0.0019720248894777768,0.11,0.08,0.08,0.14,0.09,0.08,0.06,0.11,0.08,0.06,23
V,DOJO-041-std,13,70,70,0.0009828373783455542,0.40098283737834556,0.04,0.11,0.09,0.1,0.02,0.05,0.12,0.02,0.04,0.01,23
V,PSL-PAW-v1-high,13,65,70,0.36080822764946113,0.7108082276494612,0.53,0.5,0.48,0.68,0.48,0.39,0.55,0.52,0.42,0.26,23
V,PSL-PAW-v1-low,13,65,70,0.4464937509991233,0.7964937509991233,0.64,0.6,0.57,0.85,0.58,0.45,0.63,0.63,0.5,0.3,23
V,PSL-US-v1-low,13,65,70,0.47519042640507336,0.8251904264050733,0.69,0.66,0.62,0.88,0.6,0.47,0.64,0.66,0.52,0.31,23
V,SG15,13,,,0.07430165177157998,,0.03,0.17,0.17,0.2,0.17,0.28,0.46,0.02,0.25,0.12,23
V,SPMS,13,,,0.0394449870453411,,0.02,0.16,0.15,0.24,0.07,0.17,0.3,0.04,0.14,0.06,23
V,JTH-1.1-std,13,,,0.4551758460851168,,0.51,0.47,0.45,0.97,0.79,0.58,0.49,0.69,0.63,0.41,23
V,PSL-US-v1-high,13,,,0.3920312132538722,,0.59,0.57,0.54,0.71,0.5,0.4,0.56,0.56,0.44,0.27,23
Cr,GBRV-1.X,14,30,35,0.0,0.0,0.02,0.02,0.02,0.01,0.02,0.02,0.03,0.02,0.02,0.02,24
Cr,PSL-PAW-v1-high,14,45,70,0.18884965330239892,0.3388496533023989,0.35,0.38,0.34,0.3,0.27,0.24,0.4,0.31,0.26,0.16,24
Cr,SG15,14,40,45,0.3113557716148411,0.41135577161484116,0.06,0.43,0.41,0.66,0.37,0.67,0.88,0.04,0.62,0.33,24
Cr,DOJO-041-std,14,75,80,0.037391865366677775,0.4873918653666778,0.23,0.16,0.18,0.35,0.07,0.09,0.13,0.14,0.08,0.02,24
Cr,DOJO-041-str,14,100,100,0.0,0.7000000000000001,0.03,0.03,0.02,0.07,0.05,0.02,0.02,0.01,0.03,0.05,24
Cr,SPMS,14,,,0.29574044188664556,,0.63,0.58,0.62,0.88,0.25,0.31,0.36,0.42,0.29,0.09,24
Cr,JTH-1.1-std,14,,,0.45256653628149773,,0.96,0.72,0.84,1.77,0.48,0.49,0.27,0.24,0.51,0.47,24
Cr,PSL-US-v1-high,14,45,70,,,,,,,,,,,,,24
Mn,GBRV-1.X,15,35,35,0.0,0.05,0.04,0.02,0.01,0.03,0.01,0.01,0.06,0.03,0.0,0.01,25
Mn,SPMS,15,70,70,0.016266967130872216,0.41626696713087225,0.1,0.12,0.15,0.2,0.02,0.11,0.17,0.03,0.1,0.05,25
Mn,DOJO-041-std,15,80,80,0.0,0.5,0.03,0.02,0.02,0.04,0.05,0.01,0.04,0.04,0.01,0.0,25
Mn,SG15,15,50,55,0.40139440699407,0.60139440699407,0.55,0.65,0.67,0.56,0.36,0.54,0.79,0.32,0.54,0.31,25
Mn,DOJO-041-str,15,100,100,0.012339223411237773,0.7123392234112378,0.22,0.07,0.13,0.15,0.06,0.03,0.04,0.13,0.04,0.04,25
Mn,JTH-1.1-std,15,40,40,0.9968058045399554,1.0968058045399554,1.19,1.23,1.19,1.24,1.12,1.07,1.39,1.08,1.15,0.61,25
Mn,PSL-PAW-v1-high,15,,,,,,,,,,,,,,,25
Mn,PSL-US-v1-high,15,,,0.17397268713383113,,0.4,0.33,0.35,0.33,0.22,0.2,0.34,0.32,0.23,0.14,25
Fe,GBRV-1.X,16,35,35,0.0,0.05,0.01,0.04,0.05,0.04,0.02,0.05,0.03,0.01,0.03,0.04,26
Fe,PSL-US-v1-low,8,30,45,0.1128590539158578,0.1128590539158578,0.27,0.16,0.19,0.14,0.21,0.24,0.98,0.25,0.35,0.03,26
Fe,SPMS,16,50,50,0.17335037746633775,0.37335037746633776,0.5,0.08,0.1,0.78,0.1,0.33,0.37,0.54,0.24,0.19,26
Fe,DOJO-041-str,16,100,100,0.011487127709305552,0.7114871277093057,0.09,0.2,0.17,0.11,0.07,0.05,0.01,0.13,0.07,0.04,26
Fe,PSL-US-v1-high,16,80,80,0.30673426846812446,0.8067342684681245,0.55,0.43,0.47,0.56,0.41,0.32,0.49,0.44,0.35,0.2,26
Fe,SG15,16,65,65,0.5062029446772423,0.8562029446772423,0.73,0.73,0.77,0.75,0.61,0.56,0.81,0.41,0.55,0.34,26
Fe,PSL-US-v0.x,16,75,80,0.4468697000834099,0.8968697000834099,0.61,0.42,0.45,0.82,0.57,0.57,1.0,0.54,0.63,0.31,26
Fe,JTH-1.1-std,16,40,40,0.8430556236384454,0.9430556236384454,1.0,1.01,1.03,1.22,0.94,0.99,1.34,0.78,1.07,0.45,26
Fe,DOJO-041-std,16,,,0.0017213181747977775,,0.04,0.12,0.08,0.07,0.08,0.03,0.03,0.12,0.04,0.01,26
Fe,PSL-PAW-v0.x,16,,,0.42161713992673,,0.54,0.44,0.42,0.79,0.55,0.56,1.0,0.49,0.61,0.3,26
Fe,PSL-PAW-v1-high,16,,,,,,,,,,,,,,,26
Fe,PSL-PAW-v1-low,8,30,45,,,,,,,,,,,,,26
Co,GBRV-1.X,17,35,35,0.01734321325115777,0.06734321325115777,0.12,0.15,0.17,0.09,0.07,0.07,0.13,0.08,0.15,0.07,27
Co,PSL-PAW-v1-low,9,30,50,0.10261751580280777,0.10261751580280777,0.36,0.24,0.25,0.28,0.15,0.08,0.55,0.19,0.15,0.04,27
Co,SPMS,17,50,55,0.09241540567941554,0.29241540567941554,0.34,0.15,0.09,0.39,0.32,0.12,0.07,0.63,0.11,0.07,27
Co,JTH-1.1-std,17,40,40,0.3144734258486534,0.41447342584865343,0.47,0.48,0.5,0.7,0.34,0.31,0.68,0.33,0.44,0.16,27
Co,SG15,17,55,55,0.31763994901649106,0.5676399490164911,0.28,0.45,0.48,0.4,0.44,0.47,1.06,0.07,0.83,0.3,27
Co,DOJO-041-str,17,90,90,0.02301388814613555,0.6230138881461356,0.13,0.06,0.1,0.1,0.27,0.01,0.2,0.05,0.18,0.07,27
Co,DOJO-041-std,17,,,0.019974309261341108,,0.09,0.05,0.08,0.07,0.2,0.01,0.2,0.03,0.18,0.06,27
Co,PSL-PAW-v1-high,17,,,,,,,,,,,,,,,27
Co,PSL-US-v1-high,17,,,,,,,,,,,,,,,27
Co,PSL-US-v1-low,9,,,0.09301787917726441,,0.39,0.21,0.25,0.27,0.11,0.08,0.5,0.19,0.12,0.03,27
Ni,GBRV-1.X,18,40,40,0.0,0.1,0.04,0.01,0.02,0.07,0.06,0.08,0.15,0.01,0.08,0.02,28
Ni,SPMS,18,60,60,0.056143043084189985,0.35614304308419,0.14,0.07,0.07,0.1,0.54,0.12,0.1,0.57,0.1,0.08,28
Ni,PSL-PAW-v1-low,10,45,50,0.2873690896025533,0.4373690896025533,0.5,0.38,0.38,0.6,0.41,0.34,0.85,0.37,0.39,0.13,28
Ni,PSL-US-v0.x,10,45,50,0.33656665937885005,0.48656665937885,0.66,0.35,0.43,0.68,0.44,0.36,0.83,0.42,0.43,0.16,28
Ni,PSL-US-v1-low,10,45,50,0.33656665937885005,0.48656665937885,0.66,0.35,0.43,0.68,0.44,0.36,0.83,0.42,0.43,0.16,28
Ni,DOJO-041-std,18,80,90,0.009073998828225552,0.5090739988282256,0.13,0.1,0.12,0.13,0.06,0.02,0.2,0.04,0.04,0.07,28
Ni,SG15,18,55,60,0.2863873116541967,0.5363873116541966,0.41,0.53,0.52,0.56,0.06,0.43,0.96,0.05,0.54,0.28,28
Ni,JTH-1.1-std,18,75,75,0.5255703852616767,0.9755703852616766,0.84,0.9,0.9,1.0,0.47,0.42,0.8,0.55,0.52,0.23,28
Ni,DOJO-041-str,18,90,90,,,,,,,,,,,,,28
Ni,PSL-PAW-v0.x,10,,,0.2873690896025533,,0.5,0.38,0.38,0.6,0.41,0.34,0.85,0.37,0.39,0.13,28
Ni,PSL-PAW-v1-high,18,120,120,,,,,,,,,,,,,28
Ni,PSL-US-v1-high,18,,,,,,,,,,,,,,,28
Cu,PSL-PAW-v1-low,11,50,50,0.01683432181350111,0.21683432181350112,0.1,0.07,0.07,0.18,0.06,0.15,0.42,0.03,0.13,0.02,29
Cu,GBRV-1.X,19,50,80,0.1954120004160878,0.3954120004160878,0.32,0.33,0.33,0.32,0.39,0.25,0.31,0.36,0.3,0.14,29
Cu,SG15,19,75,75,0.15549682859366337,0.6054968285936634,0.4,0.09,0.38,0.59,0.05,0.2,0.51,0.13,0.29,0.18,29
Cu,PSL-PAW-v1-high,19,90,100,0.12070774518120778,0.7207077451812077,0.33,0.31,0.31,0.35,0.18,0.16,0.24,0.18,0.17,0.09,29
Cu,JTH-1.1-std,19,45,45,0.6327251103701723,0.7827251103701723,0.98,1.09,1.11,1.12,0.47,0.59,1.48,0.27,0.81,0.14,29
Cu,PSL-US-v0.x,11,40,45,1.1623732575316434,1.2623732575316435,3.03,0.42,1.47,1.44,1.6,1.06,1.64,1.65,1.23,0.85,29
Cu,PSL-PAW-v0.x,11,55,60,1.0251813401326357,1.2751813401326357,1.15,1.19,1.19,1.36,1.21,1.11,1.73,1.07,1.24,0.61,29
Cu,DOJO-041-std,19,80,80,0.9486573145555744,1.4486573145555743,1.95,2.32,2.04,1.36,0.2,0.26,0.41,1.96,0.94,0.3,29
Cu,DOJO-041-str,19,90,90,0.9366408214161088,1.5366408214161087,2.11,2.31,1.94,1.28,0.26,0.24,0.43,1.85,0.92,0.3,29
Cu,SPMS,19,65,65,1.31248230015537,1.6624823001553701,2.23,2.54,2.83,2.04,0.16,0.44,0.77,2.72,1.38,0.43,29
Cu,PSL-US-v1-high,19,90,100,4.905677317865644,5.5056773178656435,15.38,6.82,4.9,3.9,15.32,1.12,4.25,4.48,2.09,2.17,29
Cu,PSL-US-v1-low,11,,,0.45771603700261554,,2.32,0.51,0.59,0.67,0.64,0.35,0.76,0.68,0.43,0.39,29
Zn,JTH-1.1-std,12,40,45,0.012613300641675556,0.11261330064167556,0.1,0.04,0.05,0.21,0.1,0.04,0.23,0.06,0.11,0.03,30
Zn,GBRV-1.X,20,35,50,0.10449996542480335,0.15449996542480335,0.15,0.11,0.16,0.14,0.36,0.29,0.42,0.16,0.32,0.16,30
Zn,PSL-US-v1-low,12,60,60,0.03487160182149222,0.3348716018214922,0.16,0.26,0.21,0.07,0.13,0.03,0.21,0.06,0.07,0.02,30
Zn,PSL-PAW-v1-low,12,60,60,0.06222970487818555,0.3622297048781855,0.22,0.35,0.32,0.18,0.14,0.02,0.19,0.09,0.04,0.01,30
Zn,SPMS,20,55,55,0.45011350757587554,0.7001135075758755,0.75,1.65,0.56,0.97,0.49,0.38,1.02,0.14,0.42,0.24,30
Zn,SG15,20,60,65,0.42438478167168103,0.7243847816716811,0.5,1.55,1.04,1.51,0.4,0.16,0.68,0.12,0.15,0.15,30
Zn,PSL-PAW-v1-high,20,100,120,0.15871142971148558,0.8587114297114856,0.42,0.39,0.42,0.49,0.17,0.15,0.31,0.2,0.18,0.1,30
Zn,DOJO-041-str,20,75,75,0.4547655036151834,0.9047655036151834,0.45,2.18,1.24,1.82,0.5,0.08,0.49,0.15,0.03,0.14,30
Zn,DOJO-041-std,20,75,75,0.45477006075479093,0.9047700607547909,0.45,2.18,1.24,1.82,0.5,0.08,0.49,0.15,0.03,0.14,30
Zn,PSL-US-v1-high,20,100,100,0.5980496542690588,1.2980496542690587,1.17,4.83,0.79,1.41,1.19,0.22,0.71,0.3,0.18,0.31,30
Ga,JTH-1.1-std,13,30,30,0.014812577949281107,0.014812577949281107,0.07,0.01,0.02,0.07,0.07,0.15,0.26,0.02,0.18,0.03,31
Ga,PSL-PAW-v1-low,13,55,60,0.025202044482786665,0.2752020444827867,0.12,0.19,0.19,0.13,0.02,0.09,0.18,0.08,0.11,0.01,31
Ga,PSL-US-v1-low,13,55,60,0.025686163618996657,0.27568616361899667,0.11,0.18,0.19,0.14,0.02,0.11,0.22,0.08,0.11,0.01,31
Ga,PSL-PAW-v1-high,13,60,60,0.007452909514017777,0.30745290951401777,0.02,0.08,0.08,0.04,0.05,0.12,0.22,0.01,0.14,0.04,31
Ga,PSL-US-v0.x,13,45,50,0.2473049601582534,0.3973049601582534,0.26,0.29,0.29,0.19,0.36,0.59,0.88,0.19,0.63,0.31,31
Ga,SPMS,13,60,60,0.12046290596936002,0.42046290596936,0.28,0.15,0.16,0.35,0.17,0.3,0.58,0.07,0.35,0.12,31
Ga,DOJO-041-std,13,75,75,0.020248429341917777,0.4702484293419178,0.09,0.01,0.02,0.14,0.07,0.16,0.36,0.03,0.18,0.03,31
Ga,PSL-PAW-v0.x,13,45,80,0.4653647338825345,0.6153647338825345,0.43,0.41,0.42,0.47,0.53,0.95,1.09,0.26,1.07,0.54,31
Ga,DOJO-041-str,21,100,100,0.04554654018633667,0.7455465401863367,0.18,0.37,0.55,0.1,0.12,0.01,0.08,0.14,0.01,0.01,31
Ga,PSL-US-v1-high,13,60,60,0.6142488296152033,0.9142488296152034,0.15,0.32,0.36,0.02,0.72,1.88,3.07,0.18,1.9,0.83,31
Ga,SG15,13,120,120,0.07007339442748776,0.9700733944274877,0.15,0.02,0.03,0.21,0.14,0.3,0.6,0.03,0.33,0.11,31
Ga,GBRV-1.X,19,150,150,0.02800923016117444,1.2280092301611745,0.15,0.11,0.1,0.1,0.12,0.19,0.33,0.03,0.18,0.05,31
Ge,GBRV-1.X,14,35,35,0.017460563151282214,0.06746056315128221,0.12,0.14,0.21,0.13,0.08,0.03,0.05,0.14,0.04,0.12,32
Ge,SPMS,14,45,45,0.036357918658570014,0.18635791865857002,0.04,0.06,0.11,0.08,0.11,0.28,0.71,0.12,0.18,0.13,32
Ge,PSL-PAW-v0.x,14,45,50,0.09886162647143888,0.2488616264714389,0.03,0.04,0.03,0.02,0.09,0.56,0.85,0.08,0.42,0.21,32
Ge,PSL-US-v1-high,14,55,60,0.04612779391936,0.29612779391936,0.02,0.03,0.03,0.03,0.06,0.34,0.62,0.05,0.27,0.09,32
Ge,PSL-PAW-v1-high,14,55,60,0.04897144253423667,0.2989714425342367,0.02,0.03,0.03,0.02,0.05,0.36,0.59,0.04,0.28,0.11,32
Ge,JTH-1.1-std,14,40,45,0.29817374431046334,0.3981737443104634,0.53,0.56,0.5,0.28,0.25,0.58,0.18,0.3,0.64,0.41,32
Ge,PSL-US-v1-low,4,30,30,0.665987310226049,0.665987310226049,0.15,0.24,0.44,0.38,0.08,2.66,4.68,0.17,1.77,0.99,32
Ge,PSL-PAW-v1-low,4,30,30,0.6702061796804413,0.6702061796804413,0.17,0.24,0.44,0.42,0.09,2.66,4.65,0.17,1.76,0.99,32
Ge,DOJO-041-std,14,,,0.03785082713947888,,0.04,0.03,0.09,0.11,0.01,0.3,0.43,0.03,0.23,0.06,32
Ge,SG15,14,,,0.06148187450817,,0.29,0.23,0.16,0.26,0.02,0.1,0.51,0.11,0.04,0.03,32
Ge,DOJO-041-str,22,,,0.020221119086051106,,0.13,0.26,0.37,0.06,0.03,0.04,0.07,0.08,0.06,0.02,32
Ge,PSL-US-v0.x,14,,,0.0949925929692,,0.03,0.03,0.05,0.03,0.09,0.54,0.82,0.08,0.41,0.2,32
As,JTH-1.1-std,15,30,30,0.0,0.0,0.03,0.02,0.05,0.01,0.02,0.05,0.35,0.04,0.03,0.08,33
As,JTH-1.1-str,5,30,30,0.15744676607353225,0.15744676607353225,0.07,0.1,0.1,0.15,0.05,0.76,3.79,0.24,0.44,0.33,33
As,PSL-PAW-v1-low,5,30,30,0.2946974953108932,0.2946974953108932,0.09,0.15,0.13,0.16,0.25,1.12,4.85,0.38,0.73,0.54,33
As,PSL-US-v0.x,5,30,30,0.2987969111505699,0.2987969111505699,0.09,0.15,0.13,0.15,0.26,1.14,4.83,0.38,0.74,0.54,33
As,SPMS,15,55,55,0.05784543887362443,0.3078454388736244,0.16,0.16,0.18,0.13,0.08,0.25,0.44,0.14,0.2,0.11,33
As,PSL-PAW-v1-high,15,55,60,0.09976298160904112,0.3497629816090411,0.14,0.18,0.19,0.12,0.15,0.37,1.16,0.19,0.28,0.18,33
As,DOJO-041-str,23,100,100,0.009014592662142221,0.7090145926621423,0.06,0.11,0.17,0.11,0.02,0.04,0.15,0.05,0.04,0.01,33
As,DOJO-041-std,15,,,0.009147347373722223,,0.04,0.05,0.07,0.03,0.04,0.17,0.62,0.05,0.11,0.05,33
As,SG15,5,,,0.18971691839871552,,0.37,0.15,0.13,0.37,0.06,0.7,1.72,0.09,0.48,0.21,33
As,PSL-PAW-v0.x,5,,,0.2953467534096389,,0.09,0.15,0.13,0.16,0.25,1.12,4.86,0.38,0.73,0.54,33
As,PSL-US-v1-high,15,,,0.09924804818482223,,0.15,0.18,0.18,0.12,0.14,0.38,1.28,0.19,0.28,0.18,33
As,PSL-US-v1-low,5,,,0.2978746036781021,,0.09,0.15,0.13,0.15,0.26,1.13,4.83,0.38,0.74,0.54,33
As,GBRV-1.X,5,,,0.2614842675774933,,0.37,0.35,0.34,0.38,0.16,0.64,3.05,0.32,0.44,0.27,33
Se,GBRV-1.X,6,30,30,0.07952185503263777,0.07952185503263777,0.15,0.19,0.2,0.14,0.18,0.22,0.14,0.2,0.22,0.2,34
Se,SPMS,16,55,55,0.004773929076193327,0.25477392907619334,0.11,0.09,0.08,0.11,0.02,0.12,0.63,0.02,0.03,0.04,34
Se,PSL-PAW-v1-low,6,30,30,0.2599196294250245,0.2599196294250245,0.1,0.21,0.27,0.23,0.22,0.76,4.46,0.35,0.62,0.47,34
Se,PSL-PAW-v0.x,6,30,30,0.4292477276668322,0.4292477276668322,0.26,0.4,0.47,0.39,0.33,0.96,4.99,0.52,0.81,0.62,34
Se,PSL-PAW-v1-high,16,75,80,0.024833718697403348,0.4748337186974034,0.05,0.1,0.11,0.07,0.08,0.22,1.12,0.11,0.18,0.12,34
Se,DOJO-041-str,24,100,100,0.0,0.7000000000000001,0.01,0.02,0.04,0.04,0.0,0.04,0.28,0.01,0.02,0.01,34
Se,DOJO-041-std,16,,,0.0,,0.08,0.07,0.07,0.07,0.03,0.07,0.53,0.03,0.01,0.01,34
Se,SG15,6,,,0.012889595941446662,,0.08,0.13,0.15,0.05,0.11,0.12,0.84,0.11,0.06,0.01,34
Se,PSL-US-v1-high,16,,,0.023343756140792243,,0.05,0.09,0.08,0.05,0.07,0.22,1.12,0.11,0.17,0.11,34
Se,PSL-US-v0.x,6,,,0.43090505980207106,,0.27,0.4,0.47,0.39,0.33,0.97,4.88,0.52,0.81,0.62,34
Se,PSL-US-v1-low,6,,,0.25585778522645886,,0.1,0.21,0.26,0.22,0.21,0.76,4.36,0.35,0.61,0.47,34
Br,SPMS,7,30,30,0.02125728982768666,0.02125728982768666,0.12,0.13,0.13,0.11,0.04,0.16,0.81,0.07,0.15,0.02,35
Br,GBRV-1.X,7,30,30,0.04957059373595444,0.04957059373595444,0.02,0.02,0.04,0.04,0.08,0.35,1.24,0.1,0.27,0.13,35
Br,JTH-1.1-std,7,30,30,0.06316310873615333,0.06316310873615333,0.2,0.18,0.16,0.16,0.06,0.29,1.43,0.06,0.18,0.08,35
Br,DOJO-041-std,7,35,40,0.030427597769176657,0.08042759776917666,0.15,0.17,0.17,0.15,0.09,0.04,0.39,0.13,0.05,0.1,35
Br,PSL-PAW-v1-low,7,30,30,0.10031374614085224,0.10031374614085224,0.02,0.04,0.07,0.06,0.11,0.5,1.81,0.15,0.4,0.24,35
Br,PSL-US-v0.x,7,30,30,0.3742030121814777,0.3742030121814777,0.26,0.3,0.35,0.31,0.34,0.91,2.8,0.43,0.81,0.55,35
Br,PSL-PAW-v0.x,7,30,30,0.38095435588898996,0.38095435588898996,0.27,0.31,0.36,0.33,0.34,0.91,2.83,0.44,0.81,0.55,35
Br,PSL-PAW-v1-high,17,80,80,0.02176611122422889,0.5217661112242289,0.03,0.04,0.06,0.03,0.07,0.22,0.72,0.08,0.18,0.05,35
Br,DOJO-041-str,17,,,0.023250672600628887,,0.14,0.17,0.16,0.14,0.04,0.07,0.34,0.08,0.03,0.08,35
Br,SG15,7,,,,,,,,,,,,,,,35
Br,PSL-US-v1-high,17,,,0.028767574835545547,,0.01,0.02,0.05,0.02,0.07,0.26,0.77,0.08,0.19,0.07,35
Br,PSL-US-v1-low,7,,,0.09752717421284106,,0.01,0.03,0.06,0.05,0.1,0.5,1.8,0.14,0.4,0.24,35
Kr,DOJO-041-std,8,50,70,0.23224866915574113,0.4322486691557411,0.65,0.85,0.78,0.59,0.06,0.08,0.18,0.4,0.08,0.07,36
Kr,SG15,8,30,30,0.44504209450693666,0.44504209450693666,0.54,0.73,0.66,0.49,0.33,0.84,2.91,0.23,0.7,0.39,36
Kr,SPMS,8,50,50,0.2522518748564156,0.4522518748564156,0.7,0.92,0.84,0.63,0.06,0.07,0.18,0.42,0.07,0.08,36
Kr,JTH-1.1-std,8,45,45,0.4662996938872278,0.6162996938872278,0.67,0.64,0.58,0.77,0.72,0.48,0.15,1.0,0.54,0.56,36
Kr,PSL-US-v1-high,18,120,150,0.17198050049617553,1.0719805004961755,0.25,0.56,0.36,0.25,0.15,0.35,0.8,0.14,0.29,0.11,36
Kr,PSL-PAW-v1-high,18,150,150,0.03849021895561888,1.2384902189556188,0.1,0.12,0.1,0.15,0.05,0.23,0.62,0.17,0.18,0.02,36
Rb,GBRV-1.X,9,30,30,0.009050347524466675,0.009050347524466675,0.05,0.03,0.03,0.06,0.09,0.11,0.67,0.08,0.1,0.17,37
Rb,SPMS,9,30,30,0.020228338296863324,0.020228338296863324,0.05,0.06,0.06,0.06,0.16,0.16,2.17,0.12,0.15,0.1,37
Rb,SG15,9,30,30,0.03957081351192225,0.03957081351192225,0.06,0.06,0.06,0.06,0.2,0.17,2.69,0.18,0.17,0.14,37
Rb,PSL-PAW-v1-high,9,55,60,0.0,0.25,0.04,0.04,0.04,0.05,0.01,0.03,0.41,0.01,0.03,0.09,37
Rb,PSL-US-v1-high,9,55,60,0.0,0.25,0.02,0.05,0.04,0.0,0.03,0.01,0.44,0.04,0.02,0.06,37
Rb,JTH-1.1-std,9,30,30,0.8453928572258346,0.8453928572258346,0.28,0.29,0.29,0.16,1.57,1.53,14.67,1.59,1.47,1.34,37
Rb,DOJO-041-std,9,,,0.0026440734280522233,,0.03,0.02,0.02,0.03,0.11,0.09,1.59,0.11,0.09,0.04,37
Rb,DOJO-050-std,9,,,0.004877141373633332,,0.03,0.02,0.02,0.04,0.06,0.08,0.5,0.05,0.07,0.14,37
Sr,GBRV-1.X,10,30,30,0.0,0.0,0.17,0.08,0.06,0.01,0.02,0.02,0.01,0.05,0.02,0.07,38
Sr,SG15,10,30,30,0.002154870270635554,0.002154870270635554,0.07,0.08,0.08,0.12,0.05,0.08,0.19,0.07,0.09,0.02,38
Sr,JTH-1.1-std,10,30,30,0.04153080845680998,0.04153080845680998,0.05,0.04,0.05,0.09,0.14,0.16,0.22,0.15,0.52,0.21,38
Sr,PSL-US-v1-high,10,35,55,0.024070573181712226,0.07407057318171223,0.08,0.02,0.01,0.02,0.11,0.12,0.21,0.15,0.12,1.43,38
Sr,SPMS,10,30,30,0.1021150530261211,0.1021150530261211,0.36,0.28,0.3,0.49,0.18,0.13,0.06,0.18,0.13,0.15,38
Sr,PSL-PAW-v0.x,10,30,40,0.10240432466807443,0.10240432466807443,0.02,0.01,0.01,0.03,0.27,0.31,0.5,0.31,0.32,0.22,38
Sr,PSL-US-v0.x,10,30,40,0.10598131686380222,0.10598131686380222,0.04,0.0,0.01,0.02,0.27,0.31,0.51,0.32,0.32,0.23,38
Sr,DOJO-041-std,10,55,60,0.0,0.25,0.03,0.02,0.03,0.06,0.02,0.03,0.01,0.01,0.02,0.08,38
Sr,DOJO-041-str,10,55,60,0.0,0.25,0.14,0.02,0.01,0.03,0.01,0.01,0.05,0.07,0.01,0.06,38
Sr,PSL-PAW-v1-high,10,,,0.0017706666148811084,,0.01,0.02,0.02,0.04,0.09,0.11,0.19,0.1,0.11,0.04,38
Y,JTH-1.1-std,11,30,30,0.0,0.0,0.02,0.03,0.03,0.04,0.1,0.09,0.09,0.09,0.09,0.1,39
Y,GBRV-1.X,11,30,30,0.0,0.0,0.0,0.01,0.01,0.1,0.08,0.09,0.09,0.07,0.09,0.09,39
Y,PSL-PAW-v1-high,11,35,35,0.003216715903087777,0.05321671590308778,0.05,0.02,0.02,0.18,0.1,0.09,0.12,0.07,0.11,0.05,39
Y,PSL-US-v1-high,11,35,35,0.01792384396044444,0.06792384396044444,0.13,0.08,0.08,0.41,0.14,0.11,0.13,0.13,0.12,0.07,39
Y,SG15,11,35,35,0.04329884752729666,0.09329884752729667,0.07,0.03,0.03,0.36,0.16,0.17,0.21,0.14,0.2,0.11,39
Y,SPMS,11,30,30,0.19680488416187888,0.19680488416187888,0.13,0.07,0.07,0.54,0.39,0.41,0.48,0.3,0.46,0.31,39
Y,DOJO-041-std,11,,,0.0020820016025888863,,0.1,0.05,0.05,0.4,0.11,0.08,0.11,0.09,0.1,0.05,39
Zr,JTH-1.1-std,12,30,30,0.006454539652504442,0.006454539652504442,0.08,0.05,0.05,0.06,0.12,0.11,0.13,0.1,0.12,0.09,40
Zr,GBRV-1.X,12,30,30,0.010599834990027776,0.010599834990027776,0.09,0.05,0.05,0.09,0.13,0.12,0.14,0.12,0.13,0.09,40
Zr,PSL-PAW-v1-high,12,40,40,0.021805670639095553,0.12180567063909556,0.06,0.06,0.06,0.16,0.15,0.15,0.15,0.08,0.14,0.1,40
Zr,PSL-US-v1-high,12,40,40,0.05761095762428776,0.15761095762428776,0.13,0.15,0.15,0.26,0.21,0.18,0.16,0.14,0.17,0.13,40
Zr,SG15,12,45,45,0.024358867148102214,0.1743588671481022,0.02,0.02,0.02,0.14,0.13,0.18,0.18,0.05,0.16,0.12,40
Zr,DOJO-041-std,12,55,55,0.03521183298339222,0.2852118329833922,0.09,0.11,0.11,0.21,0.18,0.17,0.16,0.1,0.16,0.12,40
Zr,SPMS,12,30,30,0.29501422770190777,0.29501422770190777,0.18,0.18,0.21,0.43,0.55,0.66,0.66,0.28,0.61,0.46,40
Zr,PSL-PAW-v0.x,12,30,45,0.71150655312608,0.71150655312608,0.53,0.42,0.43,1.07,1.1,1.13,1.16,0.74,1.09,0.8,40
Zr,PSL-US-v0.x,12,30,45,0.7264118806196144,0.7264118806196144,0.55,0.44,0.45,1.09,1.11,1.14,1.17,0.76,1.1,0.81,40
Nb,GBRV-1.X,13,30,30,0.047154681576389995,0.047154681576389995,0.15,0.14,0.13,0.15,0.18,0.15,0.16,0.17,0.16,0.11,41
Nb,PSL-PAW-v0.x,13,30,35,0.05913316198036554,0.05913316198036554,0.11,0.08,0.08,0.22,0.21,0.2,0.26,0.12,0.2,0.16,41
Nb,PSL-US-v0.x,13,30,35,0.09416140696013887,0.09416140696013887,0.15,0.15,0.14,0.27,0.25,0.22,0.27,0.16,0.22,0.18,41
Nb,PSL-PAW-v1-high,13,35,60,0.06154641655806445,0.11154641655806445,0.12,0.09,0.09,0.23,0.21,0.2,0.26,0.13,0.2,0.16,41
Nb,PSL-US-v1-high,13,35,60,0.11082061543994667,0.1608206154399467,0.17,0.18,0.17,0.29,0.27,0.23,0.28,0.17,0.23,0.2,41
Nb,SPMS,13,45,50,0.09107566990442222,0.2410756699044222,0.13,0.15,0.15,0.22,0.25,0.24,0.32,0.14,0.24,0.2,41
Nb,SG15,13,50,50,0.07897127713928112,0.27897127713928116,0.13,0.12,0.12,0.25,0.24,0.22,0.29,0.13,0.22,0.18,41
Nb,DOJO-041-std,13,65,70,0.03538983314478666,0.3853898331447867,0.1,0.14,0.13,0.17,0.17,0.15,0.18,0.09,0.14,0.13,41
Nb,JTH-1.1-std,13,,,0.012229706285671112,,0.08,0.07,0.06,0.03,0.15,0.13,0.13,0.11,0.13,0.1,41
Mo,JTH-1.1-std,14,30,30,0.0,0.0,0.05,0.09,0.07,0.11,0.01,0.04,0.09,0.01,0.04,0.04,42
Mo,SG15,14,30,30,0.029832810377594443,0.029832810377594443,0.08,0.01,0.02,0.18,0.07,0.18,0.39,0.05,0.15,0.16,42
Mo,GBRV-1.X,14,30,30,0.07350497024903554,0.07350497024903554,0.18,0.15,0.15,0.16,0.21,0.19,0.23,0.19,0.2,0.14,42
Mo,PSL-PAW-v0.x,14,35,40,0.04854799220364888,0.09854799220364888,0.12,0.09,0.08,0.19,0.18,0.18,0.28,0.13,0.18,0.15,42
Mo,PSL-PAW-v1-high,14,40,55,0.03131516032536777,0.13131516032536777,0.1,0.05,0.05,0.17,0.16,0.16,0.24,0.1,0.16,0.13,42
Mo,PSL-US-v1-high,14,40,55,0.08281257718394111,0.18281257718394112,0.17,0.14,0.14,0.24,0.23,0.2,0.27,0.16,0.19,0.17,42
Mo,DOJO-041-std,14,65,65,0.04918468899601555,0.39918468899601556,0.13,0.13,0.13,0.17,0.18,0.17,0.25,0.12,0.16,0.14,42
Mo,SPMS,14,,,0.005967113636816663,,0.08,0.08,0.07,0.13,0.09,0.12,0.23,0.07,0.11,0.09,42
Mo,PSL-US-v0.x,14,,,0.08584461746407,,0.18,0.16,0.15,0.21,0.23,0.21,0.29,0.17,0.21,0.17,42
Tc,GBRV-1.X,15,30,30,0.01597781088481111,0.01597781088481111,0.11,0.13,0.13,0.1,0.13,0.11,0.12,0.13,0.12,0.09,43
Tc,JTH-1.1-std,15,30,30,0.030706183266598894,0.030706183266598894,0.12,0.13,0.14,0.09,0.13,0.14,0.23,0.14,0.16,0.11,43
Tc,PSL-PAW-v0.x,15,35,40,0.0026781126820933274,0.05267811268209333,0.1,0.07,0.04,0.1,0.1,0.11,0.22,0.07,0.11,0.09,43
Tc,SG15,15,30,30,0.05384355886617777,0.05384355886617777,0.11,0.06,0.02,0.29,0.05,0.22,0.47,0.07,0.18,0.19,43
Tc,PSL-US-v0.x,15,35,40,0.019435972349378886,0.06943597234937889,0.12,0.12,0.08,0.11,0.11,0.15,0.32,0.08,0.14,0.12,43
Tc,SPMS,15,30,30,0.19259647248093886,0.19259647248093886,0.32,0.1,0.09,0.62,0.2,0.42,0.71,0.12,0.34,0.41,43
Tc,DOJO-041-std,15,,,0.033736881223602216,,0.16,0.14,0.1,0.13,0.15,0.15,0.28,0.11,0.15,0.12,43
Tc,PSL-PAW-v1-high,15,,,0.028860458994066664,,0.14,0.11,0.07,0.13,0.14,0.16,0.29,0.1,0.16,0.12,43
Tc,PSL-US-v1-high,15,,,0.09665565214371219,,0.24,0.21,0.16,0.21,0.23,0.19,0.3,0.18,0.19,0.16,43
Ru,GBRV-1.X,16,30,30,0.038539844939354445,0.038539844939354445,0.15,0.15,0.16,0.15,0.13,0.13,0.15,0.15,0.14,0.1,44
Ru,SG15,16,30,30,0.04091213486233777,0.04091213486233777,0.08,0.04,0.04,0.16,0.02,0.24,0.53,0.06,0.19,0.18,44
Ru,SPMS,16,35,35,0.013217618741895556,0.06321761874189556,0.1,0.11,0.12,0.14,0.04,0.14,0.42,0.01,0.11,0.06,44
Ru,PSL-US-v1-high,16,40,45,0.08632852364654223,0.18632852364654223,0.21,0.21,0.17,0.19,0.21,0.2,0.37,0.15,0.2,0.14,44
Ru,JTH-1.1-std,16,30,30,0.19613483526351225,0.19613483526351225,0.24,0.07,0.06,0.36,0.43,0.41,0.78,0.28,0.48,0.27,44
Ru,DOJO-041-std,16,70,70,0.10181893055426444,0.5018189305542644,0.22,0.21,0.18,0.21,0.22,0.23,0.44,0.15,0.23,0.16,44
Ru,PSL-PAW-v1-high,16,,,0.022181790504731104,,0.12,0.09,0.07,0.13,0.12,0.16,0.34,0.09,0.16,0.1,44
Rh,SG15,17,30,30,0.056641332844477775,0.056641332844477775,0.03,0.04,0.09,0.04,0.03,0.24,0.59,0.02,0.37,0.21,45
Rh,SPMS,17,40,40,0.04036084546237332,0.14036084546237332,0.15,0.12,0.12,0.17,0.14,0.16,0.31,0.09,0.21,0.09,45
Rh,PSL-PAW-v1-high,17,50,55,0.004567872215175554,0.20456787221517556,0.1,0.06,0.05,0.11,0.12,0.11,0.28,0.07,0.1,0.07,45
Rh,GBRV-1.X,15,35,40,0.16061782907945,0.21061782907944998,0.29,0.22,0.23,0.3,0.26,0.29,0.81,0.21,0.33,0.2,45
Rh,PSL-US-v1-high,17,50,55,0.035192723144981106,0.23519272314498113,0.16,0.14,0.12,0.15,0.17,0.13,0.31,0.11,0.13,0.09,45
Rh,JTH-1.1-std,17,30,30,0.29636230972520333,0.29636230972520333,0.58,0.62,0.64,0.52,0.41,0.26,0.34,0.42,0.18,0.23,45
Rh,DOJO-041-std,17,75,75,0.09890338740580779,0.5489033874058078,0.22,0.2,0.18,0.24,0.23,0.2,0.49,0.15,0.23,0.14,45
Rh,PSL-PAW-v0.x,17,45,45,0.54544150115214,0.69544150115214,0.69,0.57,0.59,0.85,0.62,0.67,1.48,0.54,0.78,0.49,45
Rh,PSL-US-v0.x,17,45,45,0.5601813415421989,0.7101813415421989,0.71,0.59,0.61,0.87,0.63,0.68,1.49,0.55,0.79,0.5,45
Pd,SG15,18,40,40,0.037374653851881115,0.13737465385188113,0.06,0.01,0.01,0.15,0.04,0.23,0.61,0.01,0.21,0.14,46
Pd,PSL-PAW-v1-high,18,65,75,0.0027986601634355543,0.3527986601634356,0.05,0.02,0.02,0.07,0.08,0.13,0.25,0.03,0.09,0.06,46
Pd,PSL-US-v1-high,18,65,75,0.005879814729967776,0.3558798147299678,0.09,0.1,0.09,0.1,0.11,0.14,0.28,0.06,0.1,0.08,46
Pd,SPMS,18,40,45,0.28672246650312777,0.3867224665031278,0.39,0.28,0.29,0.41,0.38,0.55,1.13,0.3,0.56,0.32,46
Pd,GBRV-1.X,16,35,35,0.41605141131441,0.46605141131440997,0.43,0.37,0.39,0.58,0.54,0.72,1.61,0.44,0.7,0.47,46
Pd,DOJO-041-std,18,70,70,0.10132788431137443,0.5013278843113744,0.23,0.39,0.34,0.21,0.12,0.14,0.5,0.18,0.09,0.02,46
Pd,PSL-US-v0.x,10,40,45,0.5825935763576299,0.6825935763576298,0.7,0.6,0.61,0.93,0.56,0.84,2.44,0.54,0.84,0.54,46
Pd,PSL-PAW-v1-low,10,40,45,0.6044660421261921,0.7044660421261921,0.74,0.65,0.66,0.87,0.59,0.86,2.45,0.56,0.86,0.55,46
Pd,PSL-PAW-v0.x,10,40,45,0.6201334814658055,0.7201334814658055,0.73,0.65,0.66,0.96,0.57,0.89,2.55,0.57,0.88,0.57,46
Pd,PSL-US-v1-low,10,40,45,0.6413334679572168,0.7413334679572168,0.8,0.71,0.71,0.92,0.63,0.87,2.34,0.6,0.89,0.53,46
Pd,JTH-1.1-std,18,35,35,2.2572384476763663,2.307238447676366,3.44,3.92,4.04,3.4,1.91,1.59,1.25,2.81,1.36,1.53,46
Ag,SPMS,19,35,40,0.04778283080361778,0.09778283080361778,0.14,0.08,0.1,0.13,0.17,0.21,0.36,0.06,0.26,0.12,47
Ag,JTH-1.1-std,11,30,30,0.17064526702254998,0.17064526702254998,0.22,0.15,0.19,0.33,0.22,0.51,1.01,0.13,0.4,0.29,47
Ag,SG15,19,45,45,0.08323525888307333,0.23323525888307334,0.14,0.28,0.23,0.11,0.05,0.23,0.58,0.21,0.22,0.13,47
Ag,DOJO-041-std,19,75,75,0.03496677599739222,0.48496677599739224,0.03,0.02,0.04,0.1,0.13,0.24,0.51,0.03,0.22,0.12,47
Ag,PSL-PAW-v1-high,19,80,90,0.028678959378587776,0.5286789593785878,0.06,0.01,0.05,0.1,0.13,0.22,0.42,0.06,0.2,0.12,47
Ag,GBRV-1.X,19,75,100,0.19664250146307113,0.6466425014630711,0.25,0.17,0.21,0.34,0.3,0.48,0.94,0.18,0.45,0.28,47
Ag,PSL-PAW-v1-low,11,60,60,0.5882986198443488,0.8882986198443488,0.65,0.43,0.45,0.88,0.62,1.11,2.42,0.42,1.01,0.62,47
Ag,PSL-US-v0.x,11,45,45,0.7757565673370266,0.9257565673370266,0.83,0.62,0.65,1.1,0.82,1.3,2.67,0.6,1.22,0.75,47
Ag,PSL-PAW-v0.x,11,45,45,0.7962313074830267,0.9462313074830268,0.86,0.65,0.67,1.13,0.84,1.3,2.68,0.63,1.22,0.77,47
Ag,PSL-US-v1-low,11,,,0.5956192360179222,,0.67,0.45,0.47,0.9,0.63,1.08,2.33,0.45,1.0,0.6,47
Ag,PSL-US-v1-high,19,,,0.06820334662423111,,0.13,0.15,0.18,0.22,0.17,0.23,0.44,0.1,0.21,0.13,47
Cd,JTH-1.1-std,12,35,120,0.009774066717701107,0.05977406671770111,0.07,0.14,0.13,0.05,0.12,0.03,0.29,0.01,0.03,0.01,48
Cd,SPMS,20,40,40,0.04319402147688667,0.14319402147688667,0.11,0.14,0.15,0.13,0.06,0.24,0.6,0.03,0.21,0.11,48
Cd,SG15,20,35,35,0.1939965151593444,0.2439965151593444,0.43,0.46,0.44,0.46,0.1,0.28,0.27,0.31,0.2,0.16,48
Cd,PSL-PAW-v0.x,12,55,55,0.1389332054163011,0.3889332054163011,0.06,0.13,0.11,0.07,0.41,0.41,0.99,0.18,0.42,0.28,48
Cd,PSL-US-v0.x,12,55,55,0.1871474527649878,0.4371474527649878,0.16,0.25,0.22,0.16,0.54,0.37,0.89,0.19,0.41,0.28,48
Cd,PSL-US-v1-low,12,55,55,0.31154122551049884,0.5615412255104988,0.1,0.13,0.09,0.22,0.6,0.83,1.97,0.37,0.8,0.54,48
Cd,PSL-PAW-v1-low,12,55,55,0.33352141061819335,0.5835214106181934,0.09,0.15,0.11,0.2,0.69,0.85,1.98,0.39,0.84,0.57,48
Cd,PSL-US-v1-high,20,100,100,0.004383691471085555,0.7043836914710856,0.04,0.07,0.04,0.01,0.09,0.13,0.3,0.03,0.11,0.08,48
Cd,DOJO-041-str,20,100,100,0.07653756911618334,0.7765375691161834,0.19,0.19,0.28,0.49,0.13,0.14,0.29,0.13,0.13,0.1,48
Cd,GBRV-1.X,12,90,100,0.3615695056977166,0.9615695056977166,0.34,0.46,0.41,0.3,0.69,0.58,0.91,0.38,0.61,0.39,48
Cd,DOJO-041-std,20,,,0.26792032166145446,,0.49,0.53,0.64,0.96,0.25,0.24,0.41,0.31,0.24,0.19,48
Cd,PSL-PAW-v1-high,20,,,0.012354786163828886,,0.11,0.13,0.12,0.12,0.07,0.12,0.29,0.01,0.11,0.07,48
In,PSL-US-v0.x,13,45,45,0.0417227215982289,0.1917227215982289,0.07,0.05,0.05,0.04,0.1,0.26,0.56,0.08,0.27,0.15,49
In,SPMS,13,35,35,0.1459909866018089,0.19599098660180891,0.17,0.06,0.06,0.31,0.22,0.46,0.83,0.15,0.44,0.27,49
In,PSL-PAW-v0.x,13,45,45,0.07282851390267336,0.22282851390267336,0.05,0.03,0.03,0.04,0.13,0.35,0.63,0.1,0.37,0.2,49
In,DOJO-041-std,13,60,65,0.09653516151450665,0.39653516151450663,0.12,0.15,0.14,0.06,0.12,0.41,0.73,0.02,0.39,0.23,49
In,PSL-PAW-v1-high,13,60,60,0.20041672150853446,0.5004167215085344,0.14,0.19,0.2,0.1,0.3,0.56,0.89,0.25,0.6,0.36,49
In,PSL-US-v1-high,13,60,60,0.21017933411871667,0.5101793341187166,0.15,0.2,0.21,0.12,0.31,0.58,0.93,0.25,0.61,0.36,49
In,GBRV-1.X,13,80,100,0.19857277740641777,0.6985727774064178,0.11,0.03,0.06,0.17,0.33,0.59,1.19,0.24,0.56,0.49,49
In,JTH-1.1-str,3,30,30,0.7665515939540958,0.7665515939540958,0.28,0.31,0.38,0.24,0.83,2.11,7.85,0.62,2.51,0.52,49
In,JTH-1.1-std,13,120,120,0.029370875404109986,0.92937087540411,0.03,0.14,0.16,0.03,0.06,0.15,0.44,0.02,0.14,0.17,49
In,SG15,13,,,0.1883926617323356,,0.23,0.12,0.12,0.36,0.27,0.52,0.93,0.19,0.48,0.32,49
In,DOJO-041-str,21,,,0.07475350643625776,,0.09,0.17,0.13,0.18,0.15,0.26,0.47,0.18,0.26,0.14,49
Sn,JTH-1.1-std,14,35,120,0.050203530988947774,0.10020353098894777,0.12,0.13,0.16,0.02,0.05,0.26,0.32,0.01,0.2,0.18,50
Sn,SG15,14,35,40,0.06884865768240556,0.11884865768240556,0.2,0.26,0.25,0.01,0.09,0.15,0.42,0.26,0.07,0.08,50
Sn,JTH-1.1-str,4,30,30,0.27030068444184546,0.27030068444184546,0.14,0.2,0.25,0.18,0.9,0.79,2.43,0.32,0.38,0.16,50
Sn,GBRV-1.X,14,75,80,0.0,0.45,0.08,0.09,0.07,0.18,0.05,0.06,0.08,0.05,0.03,0.03,50
Sn,DOJO-041-std,14,65,65,0.24215059858901108,0.5921505985890111,0.13,0.1,0.09,0.1,0.19,0.9,1.07,0.2,0.79,0.58,50
Sn,PSL-PAW-v1-high,14,70,70,0.24731866245029227,0.6473186624502922,0.18,0.21,0.2,0.05,0.22,0.75,0.87,0.28,0.68,0.51,50
Sn,PSL-US-v1-high,14,70,70,0.26350135035621,0.6635013503562099,0.21,0.23,0.22,0.08,0.22,0.78,0.94,0.29,0.7,0.52,50
Sn,DOJO-041-str,22,90,90,0.18481959167380668,0.7848195916738067,0.29,0.33,0.24,0.33,0.17,0.34,0.34,0.29,0.33,0.24,50
Sn,SPMS,14,,,0.16777508710353553,,0.25,0.27,0.25,0.14,0.22,0.39,0.11,0.3,0.55,0.49,50
Sb,JTH-1.1-std,15,30,35,0.10537519971224998,0.10537519971224998,0.05,0.05,0.05,0.09,0.19,0.4,0.96,0.16,0.33,0.36,51
Sb,SG15,15,40,45,0.04367531403037,0.14367531403037,0.06,0.12,0.12,0.07,0.02,0.26,0.48,0.16,0.23,0.09,51
Sb,SPMS,15,45,45,0.05065055063868112,0.20065055063868112,0.02,0.02,0.01,0.02,0.04,0.27,0.57,0.04,0.23,0.26,51
Sb,PSL-PAW-v1-low,5,30,30,0.37229941028158225,0.37229941028158225,0.49,0.55,0.59,0.37,0.56,0.4,1.36,0.44,0.52,0.33,51
Sb,PSL-US-v1-low,5,30,30,0.38381425673654895,0.38381425673654895,0.49,0.55,0.59,0.38,0.58,0.42,1.43,0.45,0.54,0.35,51
Sb,DOJO-041-std,15,75,75,0.15097614880983223,0.6009761488098322,0.04,0.1,0.1,0.01,0.15,0.54,1.38,0.21,0.42,0.53,51
Sb,PSL-US-v1-high,15,70,70,0.3853701599056856,0.7853701599056857,0.29,0.4,0.4,0.23,0.32,0.78,1.85,0.49,0.65,0.8,51
Sb,DOJO-041-str,23,90,90,0.21503390195483998,0.8150339019548399,0.28,0.34,0.25,0.36,0.19,0.35,0.75,0.37,0.31,0.39,51
Sb,PSL-PAW-v1-high,15,70,70,,,,,,,,,,,,,51
Sb,JTH-1.1-str,5,,,0.7847192007690155,,0.11,0.32,0.28,0.24,0.34,2.08,7.56,0.94,1.43,2.21,51
Sb,GBRV-1.X,15,,,0.09031258790307446,,0.08,0.15,0.15,0.04,0.11,0.32,0.76,0.19,0.27,0.34,51
Te,PSL-US-v1-low,6,30,30,0.07434270990142894,0.07434270990142894,0.07,0.05,0.13,0.05,0.05,0.3,3.55,0.19,0.24,0.32,52
Te,PSL-PAW-v1-low,6,30,30,0.08378064802467329,0.08378064802467329,0.13,0.05,0.08,0.03,0.03,0.33,3.23,0.17,0.26,0.36,52
Te,SPMS,16,45,45,0.18291842220135887,0.33291842220135887,0.03,0.15,0.23,0.06,0.18,0.52,2.15,0.31,0.43,0.54,52
Te,SG15,16,45,50,0.34812306505681323,0.49812306505681325,0.16,0.31,0.41,0.22,0.31,0.75,2.53,0.5,0.64,0.73,52
Te,JTH-1.1-std,6,30,30,0.5877698179508278,0.5877698179508278,0.28,0.07,0.3,0.07,0.36,1.54,9.06,0.76,1.25,1.5,52
Te,DOJO-041-std,16,65,65,0.33026214669271214,0.6802621466927121,0.13,0.28,0.38,0.18,0.29,0.75,3.12,0.47,0.65,0.73,52
Te,GBRV-1.X,6,30,30,0.7380552803827144,0.7380552803827144,0.5,0.18,0.15,0.13,0.57,1.95,10.08,0.68,1.61,1.77,52
Te,PSL-PAW-v1-high,16,65,70,0.5334972647449111,0.8834972647449111,0.28,0.48,0.61,0.35,0.45,0.98,3.78,0.71,0.89,0.95,52
Te,PSL-US-v1-high,16,65,70,0.5416901237924157,0.8916901237924157,0.3,0.49,0.63,0.35,0.45,0.99,4.03,0.72,0.9,0.96,52
Te,DOJO-041-str,24,90,90,0.29208228866327,0.89208228866327,0.29,0.38,0.38,0.43,0.25,0.44,1.56,0.47,0.41,0.47,52
Te,DOJO-050-std,16,65,70,1.3543586931082952,1.7043586931082952,1.14,0.78,0.8,2.47,1.99,2.35,8.18,0.89,2.09,0.59,52
I,SPMS,7,30,30,0.1380277499087077,0.1380277499087077,0.06,0.02,0.06,0.01,0.01,0.44,2.36,0.3,0.43,0.47,53
I,PSL-PAW-v1-low,7,30,30,0.2539312231753145,0.2539312231753145,0.02,0.08,0.17,0.07,0.13,0.77,3.7,0.42,0.65,0.75,53
I,PSL-US-v1-low,7,30,30,0.25517299159257223,0.25517299159257223,0.02,0.09,0.17,0.08,0.13,0.77,3.73,0.42,0.65,0.75,53
I,DOJO-041-std,7,55,60,0.26974652861678217,0.5197465286167822,0.04,0.12,0.19,0.11,0.12,0.75,3.51,0.5,0.7,0.74,53
I,SG15,17,55,60,0.3114676412578866,0.5614676412578866,0.07,0.16,0.24,0.14,0.21,0.84,2.54,0.52,0.69,0.81,53
I,DOJO-050-std,7,55,60,0.3169557384965511,0.5669557384965511,0.36,0.39,0.42,0.37,0.37,0.55,0.82,0.41,0.45,0.43,53
I,PSL-US-v1-high,17,60,90,0.44609244183976454,0.7460924418397645,0.18,0.3,0.39,0.23,0.32,1.01,3.55,0.66,0.89,0.94,53
I,PSL-PAW-v1-high,17,60,90,0.4517598163619511,0.7517598163619511,0.19,0.3,0.39,0.24,0.33,1.01,3.56,0.66,0.89,0.94,53
I,DOJO-041-str,17,65,70,0.4264830682143643,0.7764830682143644,0.13,0.24,0.32,0.2,0.3,1.05,3.75,0.64,0.9,0.96,53
I,JTH-1.1-std,7,,,0.6939337976856024,,0.13,0.04,0.19,0.07,0.35,1.94,11.89,0.81,1.62,1.9,53
I,GBRV-1.X,7,,,0.0675454542819711,,0.16,0.16,0.15,0.16,0.17,0.22,0.01,0.18,0.23,0.21,53
Xe,JTH-1.1-std,8,30,45,0.6106876627165989,0.6106876627165989,0.2,0.15,0.17,0.27,0.28,1.93,6.31,0.1,1.49,1.81,54
Xe,DOJO-050-std,8,65,120,0.2653706608351156,0.6153706608351157,0.48,0.57,0.57,0.53,0.25,0.19,0.56,0.36,0.12,0.22,54
Xe,SPMS,8,30,30,0.7668847376104901,0.7668847376104901,0.35,0.48,0.48,0.38,0.56,1.93,5.22,0.15,1.67,1.81,54
Xe,DOJO-041-std,8,65,120,0.53082901739181,0.8808290173918101,0.44,0.57,0.55,0.48,0.24,1.19,3.18,0.09,1.03,1.08,54
Xe,PSL-PAW-v1-high,18,120,150,0.5470481874309022,1.4470481874309022,0.03,0.08,0.1,0.08,0.6,1.66,4.23,0.27,1.41,1.48,54
Xe,SG15,18,70,70,1.106912207740447,1.5069122077404469,0.87,1.3,1.3,0.85,0.71,2.1,5.48,0.11,1.74,1.89,54
Xe,PSL-US-v1-high,18,120,120,0.6360008058408302,1.53600080584083,0.2,0.4,0.43,0.23,0.6,1.66,4.23,0.23,1.39,1.48,54
Cs,SPMS,9,35,35,0.015487547559108885,0.06548754755910889,0.1,0.08,0.08,0.1,0.11,0.11,0.37,0.13,0.06,0.18,55
Cs,PSL-PAW-v1-low,9,30,40,0.42114405236657554,0.42114405236657554,0.15,0.12,0.13,0.16,0.51,1.56,4.3,0.43,1.03,0.6,55
Cs,PSL-US-v1-low,9,30,40,0.44401395631980556,0.44401395631980556,0.07,0.02,0.02,0.07,0.56,1.67,4.37,0.47,1.13,0.67,55
Cs,GBRV-1.X,9,30,30,0.5519619917130735,0.5519619917130735,0.07,0.05,0.06,0.08,0.73,1.62,4.76,0.6,1.22,1.29,55
Cs,SG15,9,35,40,0.5386139235925445,0.5886139235925445,0.05,0.04,0.04,0.06,0.69,1.92,5.44,0.59,1.31,0.84,55
Cs,JTH-1.1-std,9,75,90,1.1800275149150223,1.6300275149150223,0.01,0.0,0.01,0.04,1.48,3.81,9.84,1.25,2.61,1.97,55
Cs,DOJO-041-std,9,,,0.027114185277347783,,0.1,0.08,0.08,0.1,0.13,0.06,0.69,0.16,0.11,0.25,55
Cs,PSL-PAW-v1-high,9,,,0.08819496637717333,,0.24,0.19,0.19,0.24,0.17,0.03,0.42,0.2,0.12,0.24,55
Cs,PSL-US-v1-high,9,30,30,,,,,,,,,,,,,55
Ba,SPMS,10,30,30,0.045707552538144416,0.045707552538144416,0.17,0.15,0.13,0.14,0.17,0.06,1.32,0.19,0.1,0.17,56
Ba,SG15,10,40,40,0.006910905781045547,0.10691090578104555,0.12,0.09,0.09,0.06,0.08,0.03,0.83,0.13,0.04,0.11,56
Ba,DOJO-050-std,10,50,50,0.020010199890602216,0.22001019989060222,0.1,0.09,0.09,0.16,0.14,0.08,0.09,0.18,0.09,0.17,56
Ba,GBRV-1.X,10,35,40,1.0610095618164521,1.1110095618164522,0.46,0.17,0.18,2.19,1.05,1.79,10.77,1.68,1.52,1.41,56
Ba,PSL-PAW-v1-high,10,30,30,1.1491705753300245,1.1491705753300245,0.86,0.25,0.26,2.72,1.0,1.5,9.5,2.17,1.41,1.07,56
Ba,PSL-US-v1-high,10,30,30,1.2053075206341655,1.2053075206341655,0.95,0.32,0.34,2.88,1.01,1.52,9.53,2.23,1.43,1.09,56
Ba,DOJO-041-std,10,35,40,1.2550263735575657,1.3050263735575658,1.02,0.35,0.35,3.04,1.05,1.56,9.74,2.26,1.46,1.11,56
Ba,JTH-1.1-std,10,150,150,1.942760986448644,3.1427609864486437,1.18,0.31,0.39,4.51,1.75,2.54,15.34,3.4,2.36,1.94,56
Ba,DOJO-041-str,10,,,1.1802332619746592,,0.97,0.32,0.33,2.88,0.99,1.47,9.26,2.15,1.38,1.04,56
La,PSL-US-v1-high,11,50,50,0.03680435565627332,0.23680435565627334,0.29,0.18,0.29,0.07,0.03,0.03,0.17,0.07,0.03,0.04,57
La,GBRV-1.X,11,30,30,0.3655498876087778,0.3655498876087778,1.28,0.39,0.68,1.07,0.06,0.1,0.98,0.63,0.13,0.07,57
La,SPMS,11,35,35,0.34584811246297664,0.39584811246297663,0.33,0.26,0.34,0.4,0.43,0.71,3.04,0.36,0.62,0.56,57
La,JTH-1.1-std,11,30,30,0.5522438903705132,0.5522438903705132,0.76,0.25,0.39,1.17,0.52,0.73,2.86,0.75,0.69,0.59,57
La,DOJO-041-std,11,80,80,0.06465089159398557,0.5646508915939856,0.27,0.11,0.12,0.4,0.17,0.14,0.14,0.25,0.14,0.14,57
La,SG15,11,,,0.1645582236453822,,0.71,0.23,0.34,0.65,0.18,0.12,0.05,0.47,0.18,0.12,57
La,PSL-PAW-v1-high,11,,,0.00552679306820222,,0.14,0.05,0.11,0.02,0.07,0.04,0.14,0.01,0.04,0.06,57
La,PSL-PAW-v1-high,21,,,0.00552679306820222,,0.14,0.05,0.11,0.02,0.07,0.04,0.14,0.01,0.04,0.06,57
La,PSL-US-v1-high,21,,,0.03680435565627332,,0.29,0.18,0.29,0.07,0.03,0.03,0.17,0.07,0.03,0.04,57
Ce,JTH-1.1-std,12,30,30,2.269443794243033,2.269443794243033,4.66,3.2,3.14,3.14,1.32,1.65,3.74,2.15,1.59,1.4,58
Ce,PSL-PAW-v1-low,11,40,45,18.86991554228446,18.96991554228446,43.97,29.48,36.66,23.1,8.42,15.11,21.37,15.79,9.69,11.1,58
Ce,PSL-US-v1-low,11,40,45,18.937148836967154,19.037148836967155,44.17,29.55,36.8,23.25,8.46,15.13,21.44,15.88,9.7,11.12,58
Ce,PSL-PAW-v1-high,22,,,0.03138878658488334,,0.28,0.18,0.23,0.02,0.13,0.05,0.14,0.01,0.08,0.04,58
Ce,PSL-US-v1-high,22,,,0.1594963835724933,,0.71,0.96,0.74,0.2,0.01,0.02,0.14,0.14,0.02,0.0,58
Pr,JTH-1.1-std,13,30,30,1.9915506635059645,1.9915506635059645,4.11,3.9,2.45,2.98,0.94,1.38,3.03,1.57,1.27,1.32,59
Pr,PSL-PAW-v1-low,11,75,75,,,,,,,,,,,,,59
Pr,PSL-PAW-v1-high,23,,,0.06865706256107779,,0.34,0.57,0.39,0.11,0.08,0.03,0.18,0.07,0.05,0.04,59
Pr,PSL-US-v1-low,11,75,75,,,,,,,,,,,,,59
Pr,PSL-US-v1-high,23,,,1.2887363028799799,,2.69,7.88,4.22,1.29,0.86,0.48,0.3,1.63,0.57,0.46,59
Nd,PSL-US-v1-high,24,150,150,0.05530994443415777,1.2553099444341578,0.12,0.36,0.69,0.16,0.08,0.02,0.25,0.04,0.04,0.04,60
Nd,JTH-1.1-std,14,30,30,2.351472451632701,2.351472451632701,5.03,5.54,3.03,3.99,0.93,1.52,3.23,1.66,1.31,1.36,60
Nd,PSL-PAW-v1-low,11,45,45,,,,,,,,,,,,,60
Nd,PSL-PAW-v1-high,24,,,,,,,,,,,,,,,60
Nd,PSL-US-v1-low,11,45,45,,,,,,,,,,,,,60
Pm,PSL-US-v1-high,25,150,150,0.10566529793885333,1.3056652979388532,0.28,0.85,1.13,0.08,0.09,0.01,0.05,0.12,0.02,0.02,61
Pm,JTH-1.1-std,15,30,30,2.7558582539722383,2.7558582539722383,6.11,7.12,3.48,5.29,0.96,1.75,3.51,1.71,1.43,1.46,61
Pm,PSL-PAW-v1-low,11,40,40,,,,,,,,,,,,,61
Pm,PSL-PAW-v1-high,25,,,0.02785802199562111,,0.04,0.06,0.13,0.14,0.22,0.13,0.1,0.16,0.16,0.13,61
Pm,PSL-US-v1-low,11,40,40,,,,,,,,,,,,,61
Sm,JTH-1.1-std,16,30,30,2.8693052646666857,2.8693052646666857,6.91,7.02,2.92,6.04,0.88,1.86,3.66,1.51,1.47,1.46,62
Sm,PSL-PAW-v1-low,11,40,45,21.13067488888149,21.23067488888149,69.71,39.76,44.08,40.5,3.99,11.15,21.38,16.08,5.47,8.66,62
Sm,PSL-PAW-v1-high,26,,,,,,,,,,,,,,,62
Sm,PSL-US-v1-low,11,,,21.198657667485413,,69.87,39.92,44.23,40.63,4.03,11.17,21.39,16.16,5.48,8.68,62
Sm,PSL-US-v1-high,26,,,0.0897303833092156,,0.46,0.43,2.44,0.07,0.05,0.1,0.02,0.21,0.09,0.05,62
Eu,PSL-PAW-v1-high,27,150,150,0.07332106802803001,1.27332106802803,0.07,0.45,0.35,0.15,0.23,0.14,0.14,0.18,0.13,0.14,63
Eu,PSL-US-v1-low,11,30,40,17.413524621172144,17.413524621172144,73.92,24.94,29.27,40.95,2.37,9.99,25.1,13.56,4.07,7.37,63
Eu,PSL-PAW-v1-low,10,45,45,,,,,,,,,,,,,63
Eu,PSL-PAW-v1-low,11,,,17.35892418156921,,73.99,24.87,29.17,40.83,2.32,9.97,25.08,13.48,4.05,7.35,63
Eu,JTH-1.1-std,17,,,3.3178162514223444,,13.09,1.6,2.27,9.89,1.59,2.93,5.45,2.38,2.43,2.22,63
Eu,PSL-US-v1-low,10,45,45,,,,,,,,,,,,,63
Eu,PSL-US-v1-high,27,150,150,,,,,,,,,,,,,63
Gd,PSL-PAW-v1-high,28,150,150,0.07367780154054665,1.2736778015405466,0.8,0.3,0.35,0.07,0.21,0.13,0.13,0.11,0.12,0.12,64
Gd,PSL-PAW-v1-low,11,30,40,14.702539999896699,14.702539999896699,48.58,12.91,14.93,43.76,0.94,9.01,31.29,11.0,3.07,6.32,64
Gd,PSL-US-v1-low,11,30,40,14.750196182176605,14.750196182176605,48.71,12.97,14.98,43.96,0.97,9.02,31.27,11.06,3.08,6.33,64
Gd,JTH-1.1-std,18,,,3.0208558815382895,,9.82,3.6,3.1,8.2,1.01,2.5,4.62,1.35,1.92,1.79,64
Gd,PSL-US-v1-high,28,120,150,,,,,,,,,,,,,64
Tb,PSL-PAW-v1-low,11,30,40,,,,,,,,,,,,,65
Tb,JTH-1.1-std,19,,,3.140554561045123,,2.68,4.02,4.42,10.58,1.6,3.4,5.98,1.89,2.75,2.42,65
Tb,PSL-PAW-v1-high,29,,,,,,,,,,,,,,,65
Tb,PSL-US-v1-low,11,,,,,,,,,,,,,,,65
Tb,PSL-US-v1-high,29,,,,,,,,,,,,,,,65
Dy,JTH-1.1-std,20,30,100,3.7280094454149895,3.7280094454149895,4.42,4.05,5.01,11.45,2.1,3.99,6.52,2.19,3.35,2.81,66
Dy,PSL-US-v1-high,30,150,150,7.8255086509923935,9.025508650992393,118.53,5.97,44.97,7.14,1.42,2.47,0.58,3.45,3.36,1.97,66
Dy,PSL-PAW-v1-low,11,30,30,,,,,,,,,,,,,66
Dy,PSL-PAW-v1-high,30,,,0.03818276717894556,,0.17,0.32,0.38,0.1,0.16,0.09,0.07,0.08,0.09,0.08,66
Dy,PSL-US-v1-low,11,30,30,,,,,,,,,,,,,66
Ho,PSL-PAW-v1-high,31,150,150,0.048907942754763324,1.2489079427547634,0.19,0.35,0.28,0.22,0.14,0.09,0.11,0.02,0.09,0.08,67
Ho,JTH-1.1-std,21,35,75,4.367034384030112,4.417034384030112,2.89,2.77,3.8,17.97,3.71,5.62,8.54,3.81,5.04,4.03,67
Ho,PSL-PAW-v1-low,11,30,30,,,,,,,,,,,,,67
Ho,PSL-US-v1-low,11,30,30,,,,,,,,,,,,,67
Ho,PSL-US-v1-high,31,,,,,,,,,,,,,,,67
Er,JTH-1.1-std,22,30,30,4.757816054021034,4.757816054021034,3.23,2.87,3.89,12.63,4.33,6.22,9.17,3.92,5.67,4.42,68
Er,PSL-US-v1-low,11,30,30,6.537082531386821,6.537082531386821,7.95,9.76,14.32,35.43,5.32,3.51,14.28,1.5,1.67,1.43,68
Er,PSL-PAW-v1-low,11,,,6.550553032925055,,7.98,9.79,14.35,35.47,5.34,3.5,14.28,1.51,1.68,1.42,68
Er,PSL-PAW-v1-high,32,,,,,,,,,,,,,,,68
Er,PSL-US-v1-high,32,150,150,,,,,,,,,,,,,68
Tm,JTH-1.1-std,23,35,50,4.524814410134989,4.574814410134989,3.74,3.0,3.71,7.62,4.35,6.08,8.73,3.31,5.58,4.24,69
Tm,PSL-PAW-v1-low,11,45,45,7.496886991201939,7.6468869912019395,11.58,12.23,17.13,36.36,6.95,1.44,10.7,4.34,3.31,0.68,69
Tm,PSL-PAW-v1-high,33,,,0.03506300512940445,,0.07,0.24,0.1,0.53,0.06,0.03,0.06,0.27,0.03,0.05,69
Tm,PSL-US-v1-low,11,,,7.4760913901909065,,11.54,12.19,17.1,36.32,6.92,1.45,10.71,4.3,3.3,0.67,69
Tm,PSL-US-v1-high,33,150,150,,,,,,,,,,,,,69
Yb,JTH-1.1-std,24,35,100,4.271654328405522,4.321654328405522,4.12,2.76,3.46,5.4,4.64,6.21,8.9,2.73,5.74,4.27,70
Yb,PSL-US-v1-high,34,150,150,6.292752174129436,7.4927521741294365,31.43,12.94,6.18,10.7,5.92,2.78,3.5,8.62,2.9,4.0,70
Yb,PSL-US-v1-low,11,45,45,9.158607743465767,9.308607743465767,15.61,14.2,19.59,37.33,8.77,1.13,6.74,9.13,5.36,2.79,70
Yb,PSL-PAW-v1-low,11,45,45,9.200977688000123,9.350977688000123,15.69,14.26,19.67,37.41,8.82,1.14,6.74,9.2,5.37,2.81,70
Yb,PSL-US-v1-low,10,50,55,9.158607743465767,9.358607743465766,15.61,14.2,19.59,37.33,8.77,1.13,6.74,9.13,5.36,2.79,70
Yb,PSL-PAW-v1-low,10,50,55,9.200977688000123,9.400977688000122,15.69,14.26,19.67,37.41,8.82,1.14,6.74,9.2,5.37,2.81,70
Yb,PSL-PAW-v1-high,34,,,0.021831000016487783,,0.06,0.28,0.05,0.51,0.07,0.03,0.03,0.12,0.03,0.06,70
Lu,DOJO-041-std,25,90,90,0.2585940159272023,0.8585940159272023,0.91,0.24,0.31,0.72,0.06,0.28,1.15,0.35,0.14,0.17,71
Lu,PSL-PAW-v1-high,35,150,150,0.004567227482134441,1.2045672274821344,0.1,0.11,0.1,0.09,0.07,0.12,0.19,0.09,0.08,0.1,71
Lu,PSL-US-v1-high,35,150,150,0.2963669310145278,1.4963669310145278,0.55,0.85,0.24,1.01,0.14,0.19,0.4,0.92,0.14,0.13,71
Lu,PSL-PAW-v1-low,11,35,35,1.914278280224337,1.964278280224337,0.33,0.56,0.92,0.06,5.11,2.58,1.88,3.69,4.57,3.5,71
Lu,PSL-US-v1-low,11,35,35,1.9405220900128235,1.9905220900128235,0.44,0.66,1.03,0.2,5.02,2.55,1.9,3.58,4.54,3.47,71
Lu,JTH-1.1-std,25,,,,,,,,,,,,,,,71
Hf,SPMS,12,30,30,0.17554257384470995,0.17554257384470995,0.1,0.07,0.06,0.19,0.48,0.57,0.51,0.11,0.56,0.33,72
Hf,JTH-1.1-std,12,30,30,0.7246208634235444,0.7246208634235444,0.15,0.05,0.14,0.36,1.49,1.67,1.67,0.74,1.63,1.15,72
Hf,PSL-US-v1-low,12,45,50,1.9248458776223067,2.0748458776223067,0.8,0.63,0.8,1.35,3.53,3.46,3.28,2.03,3.33,2.54,72
Hf,PSL-PAW-v1-low,12,45,50,1.980681814859777,2.130681814859777,0.88,0.71,0.88,1.47,3.59,3.48,3.29,2.11,3.35,2.55,72
Hf,DOJO-041-std,12,,,0.24113761771668113,,0.23,0.15,0.08,0.38,0.46,0.67,0.58,0.01,0.65,0.42,72
Hf,DOJO-041-str,26,,,0.016822588496796666,,0.08,0.15,0.2,0.34,0.06,0.03,0.09,0.04,0.03,0.03,72
Hf,SG15,26,,,0.13601796047422443,,0.5,0.37,0.29,0.5,0.13,0.04,0.07,0.44,0.05,0.06,72
Hf,PSL-PAW-v1-high,26,,,,,,,,,,,,,,,72
Hf,PSL-PAW-v1-high,36,,,0.005200024488265552,,0.09,0.06,0.05,0.17,0.12,0.11,0.1,0.09,0.11,0.07,72
Hf,GBRV-1.X,12,,,0.44640848690554663,,0.4,0.4,0.27,0.44,0.87,0.96,0.65,0.25,0.87,0.76,72
Hf,GBRV-1.X,12,,,0.44640848690554663,,0.4,0.4,0.27,0.44,0.87,0.96,0.65,0.25,0.87,0.76,72
Hf,PSL-US-v1-high,26,,,0.0032409815178011114,,0.02,0.01,0.04,0.23,0.04,0.07,0.13,0.05,0.08,0.05,72
Hf,PSL-US-v1-high,36,,,,,,,,,,,,,,,72
Ta,SPMS,13,30,30,0.014405194688106662,0.014405194688106662,0.02,0.06,0.1,0.03,0.15,0.13,0.21,0.08,0.15,0.1,73
Ta,DOJO-041-std,13,45,45,0.036339902071388895,0.1863399020713889,0.03,0.04,0.07,0.06,0.16,0.2,0.29,0.07,0.21,0.16,73
Ta,SG15,27,45,45,0.06809097984164778,0.21809097984164777,0.23,0.2,0.14,0.45,0.08,0.17,0.27,0.12,0.2,0.1,73
Ta,PSL-US-v1-high,27,60,60,0.0,0.3,0.03,0.03,0.01,0.11,0.05,0.01,0.02,0.03,0.0,0.01,73
Ta,PSL-PAW-v1-high,27,60,65,0.004430911677742221,0.3044309116777422,0.11,0.13,0.14,0.04,0.03,0.0,0.02,0.1,0.01,0.02,73
Ta,PSL-US-v0.x,13,30,35,0.7181491415226566,0.7181491415226566,0.48,0.46,0.51,0.56,1.28,1.19,1.28,0.77,1.18,0.94,73
Ta,PSL-PAW-v1-low,13,40,45,0.7662904233268045,0.8662904233268045,0.53,0.52,0.56,0.6,1.34,1.23,1.33,0.82,1.23,0.98,73
Ta,DOJO-041-str,27,120,120,0.08284012706787779,0.9828401270678778,0.25,0.28,0.28,0.25,0.2,0.11,0.08,0.23,0.12,0.09,73
Ta,JTH-1.1-std,13,,,0.0820314513703389,,0.02,0.04,0.07,0.09,0.28,0.28,0.32,0.18,0.27,0.22,73
Ta,PSL-PAW-v0.x,13,,,0.7151423505777389,,0.48,0.46,0.5,0.56,1.28,1.18,1.27,0.76,1.18,0.94,73
Ta,PSL-US-v1-low,13,,,0.7589044786077933,,0.53,0.51,0.55,0.59,1.33,1.22,1.32,0.81,1.23,0.97,73
Ta,GBRV-1.X,13,,,0.029633814266392222,,0.05,0.09,0.13,0.09,0.22,0.15,0.08,0.16,0.13,0.19,73
W,SPMS,14,30,30,0.0068029267882422206,0.0068029267882422206,0.04,0.07,0.06,0.1,0.04,0.14,0.18,0.04,0.12,0.09,74
W,GBRV-1.X,14,40,45,0.08076050838704334,0.18076050838704333,0.15,0.05,0.06,0.24,0.21,0.28,0.46,0.11,0.3,0.14,74
W,SG15,28,40,45,0.11087202968981222,0.21087202968981222,0.08,0.01,0.08,0.16,0.26,0.39,0.63,0.06,0.46,0.23,74
W,PSL-US-v1-high,28,55,60,0.0,0.25,0.03,0.04,0.06,0.01,0.01,0.02,0.05,0.06,0.03,0.02,74
W,PSL-PAW-v1-high,28,55,60,0.009325076720532217,0.25932507672053223,0.1,0.17,0.16,0.09,0.08,0.04,0.07,0.13,0.05,0.05,74
W,PSL-PAW-v1-low,14,35,35,0.6114655970697823,0.6614655970697824,0.52,0.55,0.51,0.58,0.97,0.9,1.08,0.7,0.93,0.75,74
W,DOJO-041-std,14,,,0.0,,0.03,0.06,0.06,0.02,0.01,0.01,0.04,0.05,0.0,0.02,74
W,JTH-1.1-std,14,,,0.00892096388490444,,0.12,0.04,0.05,0.19,0.05,0.08,0.16,0.04,0.09,0.04,74
W,PSL-US-v1-low,14,35,35,,,,,,,,,,,,,74
Re,GBRV-1.X,15,30,30,0.0,0.0,0.06,0.09,0.09,0.07,0.02,0.02,0.11,0.04,0.03,0.03,75
Re,JTH-1.1-std,15,30,30,0.01783356789359555,0.01783356789359555,0.05,0.06,0.06,0.04,0.03,0.16,0.41,0.02,0.19,0.11,75
Re,SPMS,15,30,30,0.03273753977940222,0.03273753977940222,0.22,0.17,0.14,0.25,0.04,0.07,0.17,0.1,0.05,0.04,75
Re,SG15,15,35,40,0.028775634617787774,0.07877563461778778,0.18,0.18,0.18,0.14,0.12,0.04,0.05,0.14,0.05,0.07,75
Re,DOJO-041-std,15,50,50,0.010950338126415556,0.21095033812641556,0.14,0.15,0.15,0.09,0.08,0.04,0.04,0.11,0.05,0.06,75
Re,PSL-PAW-v1-high,29,55,60,0.019025140507223332,0.2690251405072233,0.17,0.17,0.18,0.11,0.09,0.04,0.04,0.11,0.05,0.05,75
Re,PSL-US-v1-low,15,45,50,0.3235798219129544,0.47357982191295445,0.41,0.44,0.38,0.35,0.5,0.46,0.54,0.39,0.49,0.39,75
Re,PSL-PAW-v1-low,15,45,50,0.32911546209672776,0.47911546209672773,0.42,0.44,0.39,0.36,0.5,0.47,0.55,0.4,0.49,0.39,75
Re,PSL-US-v1-high,29,,,0.0,,0.1,0.06,0.1,0.05,0.01,0.02,0.03,0.05,0.02,0.03,75
Os,GBRV-1.X,16,30,35,0.001878433135628888,0.001878433135628888,0.08,0.12,0.12,0.06,0.03,0.04,0.03,0.08,0.03,0.04,76
Os,SPMS,16,30,30,0.049874317585189995,0.049874317585189995,0.02,0.07,0.03,0.02,0.11,0.26,0.54,0.03,0.25,0.22,76
Os,PSL-PAW-v1-low,16,45,50,0.0,0.15,0.06,0.09,0.1,0.07,0.03,0.03,0.08,0.06,0.03,0.02,76
Os,PSL-US-v1-low,16,45,50,0.0,0.15,0.05,0.08,0.09,0.05,0.0,0.03,0.08,0.05,0.03,0.01,76
Os,SG15,16,45,50,0.029261343124636668,0.17926134312463665,0.16,0.17,0.18,0.18,0.11,0.07,0.07,0.14,0.08,0.06,76
Os,JTH-1.1-std,8,30,30,0.22718993718640113,0.22718993718640113,0.12,0.06,0.07,0.56,0.36,0.57,1.57,0.08,0.69,0.36,76
Os,DOJO-041-std,16,55,60,0.03136057297085111,0.2813605729708511,0.17,0.19,0.19,0.17,0.08,0.09,0.08,0.15,0.1,0.07,76
Os,PSL-US-v1-high,30,75,80,0.0,0.45,0.07,0.04,0.08,0.08,0.01,0.05,0.06,0.06,0.06,0.03,76
Os,PSL-PAW-v1-high,30,75,80,0.019584544264813333,0.46958454426481333,0.15,0.16,0.17,0.15,0.08,0.07,0.08,0.12,0.08,0.06,76
Ir,GBRV-1.X,15,30,35,0.0036936629781655537,0.0036936629781655537,0.02,0.05,0.0,0.11,0.13,0.06,0.46,0.06,0.09,0.06,77
Ir,PSL-PAW-v1-low,9,30,30,0.048565511613187784,0.048565511613187784,0.02,0.05,0.05,0.39,0.17,0.09,0.45,0.12,0.11,0.16,77
Ir,SPMS,17,30,30,0.05894209769456222,0.05894209769456222,0.2,0.23,0.2,0.21,0.16,0.03,0.21,0.14,0.07,0.06,77
Ir,JTH-1.1-std,15,30,30,0.0702576308710811,0.0702576308710811,0.18,0.14,0.16,0.24,0.07,0.17,0.72,0.12,0.31,0.11,77
Ir,PSL-US-v1-low,9,30,30,0.11296506424212888,0.11296506424212888,0.34,0.39,0.44,0.05,0.11,0.12,0.65,0.12,0.15,0.15,77
Ir,PSL-PAW-v1-low,17,40,65,0.048565511613187784,0.1485655116131878,0.02,0.05,0.05,0.39,0.17,0.09,0.45,0.12,0.11,0.16,77
Ir,PSL-US-v1-low,17,40,65,0.11296506424212888,0.21296506424212888,0.34,0.39,0.44,0.05,0.11,0.12,0.65,0.12,0.15,0.15,77
Ir,DOJO-041-std,17,50,55,0.05158424531061556,0.2515842453106156,0.21,0.22,0.22,0.22,0.11,0.09,0.07,0.19,0.11,0.09,77
Ir,PSL-PAW-v1-high,31,70,80,0.0,0.4,0.04,0.06,0.06,0.04,0.03,0.07,0.17,0.03,0.07,0.04,77
Ir,PSL-US-v1-high,31,70,80,0.00035740540672222115,0.40035740540672227,0.04,0.06,0.02,0.03,0.1,0.1,0.21,0.03,0.09,0.07,77
Ir,PSL-PAW-v0.x,9,30,30,0.7762562810349467,0.7762562810349467,1.01,0.89,0.91,0.87,0.71,0.92,2.77,0.75,1.13,0.69,77
Ir,SG15,17,,,,,,,,,,,,,,,77
Ir,PSL-US-v0.x,9,,,0.7721648364659123,,1.0,0.88,0.9,0.86,0.7,0.92,2.77,0.75,1.13,0.7,77
Pt,PSL-PAW-v1-low,10,30,30,0.01299252257103222,0.01299252257103222,0.12,0.14,0.14,0.15,0.05,0.02,0.06,0.11,0.02,0.04,78
Pt,PSL-US-v1-low,10,30,30,0.01477352061062222,0.01477352061062222,0.13,0.15,0.15,0.15,0.06,0.02,0.08,0.11,0.03,0.04,78
Pt,JTH-1.1-std,10,30,30,0.05899917222457551,0.05899917222457551,0.14,0.04,0.06,0.29,0.07,0.21,1.88,0.03,0.25,0.15,78
Pt,GBRV-1.X,16,30,30,0.061936807007824446,0.061936807007824446,0.21,0.27,0.26,0.19,0.19,0.08,0.05,0.21,0.08,0.09,78
Pt,SPMS,18,30,35,0.0626001425075589,0.0626001425075589,0.18,0.21,0.21,0.24,0.16,0.08,0.2,0.19,0.08,0.1,78
Pt,PSL-PAW-v1-low,18,45,65,0.01299252257103222,0.16299252257103222,0.12,0.14,0.14,0.15,0.05,0.02,0.06,0.11,0.02,0.04,78
Pt,PSL-US-v1-low,18,45,65,0.01477352061062222,0.16477352061062223,0.13,0.15,0.15,0.15,0.06,0.02,0.08,0.11,0.03,0.04,78
Pt,SG15,18,40,40,0.28770190773192444,0.3877019077319245,0.52,0.56,0.55,0.57,0.36,0.23,0.34,0.46,0.25,0.23,78
Pt,PSL-PAW-v1-high,32,90,90,0.0039041602057933323,0.6039041602057933,0.1,0.11,0.12,0.13,0.02,0.02,0.07,0.09,0.03,0.01,78
Pt,PSL-PAW-v0.x,10,30,30,1.2746000936932778,1.2746000936932778,1.47,1.25,1.28,1.75,1.09,1.52,4.54,1.17,1.63,1.22,78
Pt,PSL-US-v0.x,10,30,30,1.2838766953890999,1.2838766953890999,1.48,1.25,1.29,1.77,1.09,1.53,4.54,1.18,1.64,1.22,78
Pt,DOJO-041-std,18,,,0.06397850507868222,,0.24,0.24,0.24,0.26,0.14,0.1,0.09,0.21,0.1,0.1,78
Pt,PSL-US-v1-high,32,,,0.0,,0.03,0.01,0.03,0.05,0.03,0.05,0.11,0.03,0.05,0.03,78
Au,SPMS,19,30,30,0.01986237503796444,0.01986237503796444,0.06,0.15,0.15,0.09,0.03,0.12,0.21,0.13,0.14,0.04,79
Au,GBRV-1.X,11,30,30,0.07692187557993664,0.07692187557993664,0.2,0.3,0.3,0.08,0.17,0.07,0.83,0.22,0.09,0.04,79
Au,JTH-1.1-std,11,30,30,0.10191418408785442,0.10191418408785442,0.19,0.07,0.04,0.35,0.08,0.36,1.63,0.09,0.3,0.21,79
Au,PSL-US-v1-low,11,30,35,0.2197664011365289,0.2197664011365289,0.37,0.36,0.35,0.43,0.24,0.27,0.5,0.3,0.27,0.27,79
Au,PSL-PAW-v1-low,11,30,35,0.2337214861490544,0.2337214861490544,0.39,0.39,0.37,0.45,0.25,0.28,0.52,0.32,0.28,0.28,79
Au,PSL-US-v1-high,33,60,80,0.043581059164256655,0.34358105916425663,0.19,0.22,0.21,0.22,0.1,0.06,0.02,0.16,0.07,0.11,79
Au,PSL-PAW-v1-high,33,60,80,0.04861427091904111,0.34861427091904107,0.21,0.23,0.22,0.23,0.1,0.06,0.05,0.17,0.07,0.12,79
Au,DOJO-041-std,19,60,65,0.11424961562406777,0.41424961562406776,0.31,0.32,0.31,0.33,0.18,0.13,0.09,0.26,0.14,0.18,79
Au,PSL-US-v1-low,19,55,75,0.2197664011365289,0.4697664011365289,0.37,0.36,0.35,0.43,0.24,0.27,0.5,0.3,0.27,0.27,79
Au,SG15,19,40,40,0.8489686636920956,0.9489686636920955,1.35,1.45,1.43,1.46,0.83,0.56,0.56,1.14,0.61,0.6,79
Au,PSL-US-v0.x,11,30,35,1.2074412517960558,1.2074412517960558,1.36,1.12,1.04,1.74,1.04,1.65,4.26,1.05,1.58,1.2,79
Au,PSL-PAW-v0.x,11,,,1.2012894042762556,,1.35,1.11,1.04,1.73,1.04,1.64,4.25,1.05,1.57,1.19,79
Au,PSL-PAW-v1-low,19,,,0.2337214861490544,,0.39,0.39,0.37,0.45,0.25,0.28,0.52,0.32,0.28,0.28,79
Hg,GBRV-1.X,12,30,30,0.17826923931794333,0.17826923931794333,0.4,0.4,0.26,0.31,0.45,0.27,0.21,0.18,0.33,0.15,80
Hg,JTH-1.1-std,12,30,30,0.3280686184278878,0.3280686184278878,0.61,0.37,0.27,0.23,0.34,0.74,1.67,0.31,0.59,0.39,80
Hg,PSL-US-v1-low,12,35,50,0.3128009399841155,0.3628009399841155,0.51,0.27,0.18,0.13,0.4,0.79,1.89,0.34,0.66,0.43,80
Hg,SPMS,20,35,35,0.3607534097232112,0.41075340972321117,0.72,0.9,1.12,1.41,0.25,0.19,0.26,0.31,0.19,0.2,80
Hg,DOJO-041-std,20,50,50,0.23883338303791224,0.43883338303791225,0.52,0.64,0.83,0.85,0.18,0.15,0.12,0.26,0.16,0.18,80
Hg,PSL-US-v0.x,12,35,35,0.8014496185187054,0.8514496185187055,1.35,1.77,2.17,2.45,0.51,0.43,0.36,0.59,0.49,0.43,80
Hg,PSL-US-v1-high,20,100,100,0.2084492264550689,0.908449226455069,0.3,0.17,0.15,0.22,0.31,0.48,0.96,0.33,0.44,0.37,80
Hg,PSL-PAW-v1-high,20,100,100,0.4823835460972179,1.1823835460972179,0.71,0.66,0.73,0.9,0.37,0.53,1.01,0.45,0.48,0.41,80
Hg,DOJO-041-str,20,,,0.16644585958048558,,0.4,0.47,0.58,0.64,0.16,0.14,0.12,0.23,0.14,0.16,80
Hg,SG15,20,150,150,,,,,,,,,,,,,80
Hg,PSL-PAW-v0.x,12,,,0.8791694845794533,,1.44,1.84,2.25,2.37,0.6,0.52,0.42,0.66,0.59,0.49,80
Hg,PSL-PAW-v1-low,12,,,0.3682222338359478,,0.63,0.38,0.27,0.26,0.38,0.83,1.99,0.35,0.67,0.45,80
Tl,SPMS,13,30,30,0.042854657425375545,0.042854657425375545,0.17,0.24,0.24,0.08,0.1,0.1,0.64,0.14,0.01,0.01,81
Tl,SG15,13,30,30,0.046885261752521105,0.046885261752521105,0.19,0.24,0.23,0.08,0.05,0.09,0.28,0.16,0.05,0.01,81
Tl,PSL-US-v0.x,13,40,45,0.11221506662621444,0.21221506662621445,0.2,0.17,0.17,0.23,0.09,0.4,0.94,0.02,0.35,0.19,81
Tl,PSL-PAW-v0.x,13,40,45,0.12168958120655554,0.22168958120655555,0.22,0.18,0.18,0.25,0.1,0.41,0.95,0.02,0.36,0.2,81
Tl,GBRV-1.X,13,60,65,0.023891207926636664,0.32389120792663667,0.16,0.11,0.1,0.2,0.07,0.04,0.22,0.12,0.01,0.13,81
Tl,JTH-1.1-std,13,55,75,0.07491155810985112,0.3249115581098511,0.2,0.14,0.13,0.27,0.16,0.19,0.2,0.15,0.14,0.26,81
Tl,DOJO-041-std,13,50,50,0.1471133640153767,0.34711336401537674,0.34,0.33,0.33,0.32,0.02,0.32,0.86,0.14,0.24,0.11,81
Tl,PSL-PAW-v1-high,13,70,70,0.07114031710678886,0.4711403171067889,0.13,0.11,0.1,0.16,0.1,0.36,0.83,0.04,0.32,0.17,81
Tl,PSL-US-v1-high,13,70,70,0.07168767286077665,0.4716876728607767,0.13,0.1,0.09,0.16,0.11,0.36,0.81,0.06,0.32,0.16,81
Tl,DOJO-041-str,21,75,75,0.11824071174150891,0.5682407117415089,0.19,0.11,0.14,0.06,0.23,0.36,0.66,0.16,0.33,0.35,81
Tl,DOJO-050-std,13,100,100,8.440399197122579,9.140399197122578,9.36,5.49,6.55,9.03,9.48,13.23,7.7,1.08,15.87,14.98,81
Pb,SG15,14,30,30,0.038618832430411115,0.038618832430411115,0.05,0.1,0.11,0.13,0.03,0.26,0.23,0.04,0.2,0.18,82
Pb,SPMS,14,30,30,0.07049435826515554,0.07049435826515554,0.11,0.11,0.14,0.07,0.21,0.32,0.62,0.07,0.31,0.13,82
Pb,PSL-PAW-v0.x,14,35,40,0.16065078636523442,0.21065078636523443,0.12,0.07,0.09,0.2,0.1,0.7,1.24,0.13,0.45,0.45,82
Pb,GBRV-1.X,14,30,30,0.2862240575486944,0.2862240575486944,0.39,0.34,0.34,0.45,0.31,0.46,0.76,0.33,0.42,0.44,82
Pb,PSL-US-v0.x,14,40,40,0.2070465104066834,0.3070465104066834,0.05,0.04,0.07,0.09,0.1,0.99,1.76,0.15,0.58,0.54,82
Pb,DOJO-041-std,14,45,50,0.17643615317910555,0.32643615317910557,0.12,0.11,0.13,0.12,0.1,0.81,1.42,0.09,0.52,0.49,82
Pb,DOJO-041-str,22,70,75,0.09270776415168999,0.49270776415169004,0.14,0.14,0.15,0.05,0.18,0.31,0.55,0.13,0.26,0.32,82
Pb,PSL-PAW-v1-high,14,70,70,0.14298315689701888,0.5429831568970189,0.05,0.02,0.04,0.11,0.11,0.65,1.15,0.15,0.44,0.42,82
Pb,PSL-US-v1-high,14,70,70,0.1490974933874311,0.5490974933874311,0.03,0.02,0.03,0.09,0.13,0.66,1.18,0.17,0.46,0.43,82
Pb,DOJO-050-std,14,,,6.369584934602077,,4.98,3.02,2.1,6.63,2.58,17.89,15.53,1.04,11.38,10.97,82
Pb,JTH-1.1-std,14,,,0.007063451954259997,,0.04,0.07,0.07,0.03,0.01,0.15,0.21,0.06,0.11,0.01,82
Pb,JTH-1.1-str,4,,,0.6788231623447012,,0.1,0.12,0.13,0.16,0.78,2.91,7.65,0.22,1.47,1.13,82
Bi,JTH-1.1-std,15,35,55,0.06560772280707555,0.11560772280707556,0.15,0.11,0.1,0.2,0.18,0.22,0.4,0.15,0.19,0.2,83
Bi,SG15,15,35,35,0.09529308620600334,0.14529308620600334,0.13,0.17,0.18,0.05,0.05,0.39,1.0,0.07,0.34,0.26,83
Bi,GBRV-1.X,15,40,40,0.07701092718187111,0.1770109271818711,0.31,0.26,0.26,0.32,0.16,0.08,0.06,0.19,0.11,0.09,83
Bi,SPMS,15,30,30,0.21543757193666777,0.21543757193666777,0.03,0.06,0.05,0.03,0.28,0.73,1.62,0.28,0.57,0.57,83
Bi,PSL-PAW-v0.x,15,45,45,0.17816655550569677,0.32816655550569673,0.07,0.03,0.03,0.1,0.23,0.65,1.59,0.25,0.46,0.52,83
Bi,DOJO-041-std,15,55,60,0.16463663617112115,0.4146366361711211,0.09,0.03,0.03,0.09,0.2,0.65,1.64,0.18,0.48,0.48,83
Bi,DOJO-041-str,23,70,75,0.08204523559792552,0.48204523559792556,0.16,0.18,0.19,0.07,0.18,0.24,0.46,0.15,0.21,0.21,83
Bi,PSL-PAW-v1-high,15,65,70,0.1775562412539222,0.5275562412539222,0.01,0.08,0.08,0.03,0.24,0.63,1.51,0.27,0.46,0.5,83
Bi,PSL-US-v1-high,15,65,70,0.18752916422441446,0.5375291642244144,0.04,0.11,0.11,0.01,0.25,0.65,1.55,0.29,0.48,0.51,83
Bi,PSL-US-v0.x,15,45,45,0.6487370409959587,0.7987370409959588,0.38,0.48,0.46,0.34,0.67,1.42,3.25,0.77,1.08,1.14,83
Bi,DOJO-050-std,15,55,60,0.8741917707069778,1.124191770706978,0.45,0.38,0.15,1.05,1.83,3.0,8.48,0.24,0.26,1.4,83
Bi,JTH-1.1-str,5,30,30,1.5710825601107121,1.5710825601107121,0.12,0.14,0.19,0.18,1.44,4.76,13.4,1.45,3.26,3.5,83
Po,DOJO-041-std,16,55,60,0.21231738119019783,0.46231738119019783,0.06,0.07,0.12,0.02,0.24,0.66,2.16,0.26,0.6,0.63,84
Po,PSL-US-v1-high,16,70,70,0.17782889890390666,0.5778288989039067,0.02,0.14,0.18,0.05,0.21,0.49,1.79,0.29,0.48,0.5,84
Po,PSL-PAW-v1-high,16,70,70,0.20202800222222994,0.60202800222223,0.02,0.15,0.19,0.05,0.24,0.56,1.83,0.31,0.53,0.55,84
Po,DOJO-050-std,16,,,1.5799540069566202,,1.66,1.15,1.11,2.76,2.0,2.16,7.53,1.16,2.12,0.99,84
Po,DOJO-041-str,24,75,75,,,,,,,,,,,,,84
Po,JTH-1.1-std,6,,,1.4591250274488088,,0.12,0.28,0.56,0.41,1.28,3.61,13.02,1.49,3.19,3.1,84
At,PSL-US-v1-high,17,75,100,0.35203305044104893,0.8020330504410489,0.08,0.21,0.28,0.13,0.25,0.83,2.5,0.55,0.79,0.92,85
At,PSL-PAW-v1-high,17,,,0.45307411251431895,,0.13,0.27,0.36,0.19,0.34,1.01,2.91,0.66,0.96,1.06,85
At,JTH-1.1-std,7,,,1.3607864242006025,,0.76,0.64,0.39,0.41,0.65,3.35,10.73,0.57,2.98,3.39,85
Rn,DOJO-041-std,18,70,80,0.875019687529081,1.2750196875290811,0.96,1.42,1.51,1.02,0.28,1.17,2.57,0.04,1.0,1.32,86
Rn,PSL-US-v1-high,18,150,150,0.5749876169425033,1.7749876169425032,0.21,0.33,0.41,0.27,0.44,1.36,2.79,0.31,1.2,1.55,86
Rn,DOJO-050-std,18,100,100,6.2644151501276,6.9644151501276,8.61,9.21,9.39,9.8,4.46,4.15,3.28,12.38,4.48,3.9,86
Rn,PSL-PAW-v1-high,18,,,0.4885805877316799,,0.05,0.05,0.03,0.05,0.45,1.37,2.78,0.35,1.2,1.53,86
Rn,JTH-1.1-std,8,,,1.1063867159176937,,0.65,0.64,0.67,0.79,0.08,2.48,7.73,0.68,1.92,2.93,86
Fr,PSL-PAW-v1-high,19,120,150,1.0005876393835047,1.9005876393835046,0.17,0.12,0.14,0.16,1.02,2.71,5.34,0.84,2.47,2.27,87
Fr,PSL-US-v1-high,19,,,1.0113985612206977,,0.08,0.01,0.01,0.08,1.06,2.78,5.45,0.89,2.54,2.34,87
Ra,PSL-PAW-v1-high,20,120,120,1.0325077670045064,1.9325077670045063,0.66,0.31,0.36,0.1,1.12,1.99,9.26,2.53,1.78,1.34,88
Ra,PSL-US-v1-high,20,120,120,1.0973831468815733,1.9973831468815733,0.79,0.42,0.44,0.16,1.14,2.02,9.38,2.62,1.81,1.36,88
Ac,PSL-PAW-v1-high,11,35,35,0.03597466499143667,0.08597466499143668,0.09,0.1,0.08,0.16,0.17,0.16,0.16,0.13,0.15,0.17,89
Ac,PSL-US-v1-high,11,,,0.023888011236561105,,0.01,0.04,0.03,0.07,0.14,0.16,0.2,0.05,0.15,0.16,89
Th,PSL-US-v1-high,12,70,75,0.039237567913584445,0.4392375679135845,0.09,0.04,0.04,0.08,0.23,0.25,0.07,0.04,0.25,0.18,90
Th,PSL-PAW-v1-high,12,70,75,0.1628706484554889,0.562870648455489,0.26,0.27,0.22,0.38,0.33,0.32,0.05,0.3,0.33,0.24,90
Pa,PSL-US-v1-high,13,75,80,0.11297490199026775,0.5629749019902678,0.14,0.11,0.1,0.19,0.4,0.36,0.18,0.16,0.39,0.29,91
Pa,PSL-PAW-v1-high,13,75,80,0.1645180791127333,0.6145180791127334,0.13,0.17,0.17,0.37,0.43,0.38,0.19,0.24,0.42,0.31,91
U,PSL-PAW-v1-high,14,,,0.2570371193516666,,0.33,0.29,0.21,0.56,0.5,0.4,0.43,0.28,0.45,0.33,92
U,PSL-US-v1-high,14,,,0.24686311747217665,,0.61,0.14,0.12,0.14,0.54,0.45,0.6,0.04,0.52,0.52,92
Np,PSL-US-v1-high,15,80,120,0.1443922370518889,0.6443922370518889,0.11,0.13,0.05,0.42,0.44,0.3,0.27,0.24,0.38,0.24,93
Np,PSL-PAW-v1-high,15,80,120,0.19603348609217336,0.6960334860921733,0.19,0.19,0.14,0.47,0.51,0.36,0.32,0.27,0.43,0.29,93
Pu,PSL-PAW-v1-high,16,35,55,,,,,,,,,,,,,94
Pu,PSL-US-v1-high,16,,,0.15484455643930667,,0.71,0.32,0.41,0.36,0.41,0.16,0.06,0.05,0.27,0.17,94
Am,PSL-PAW-v1-high,17,40,60,0.06219759515343778,0.1621975951534378,0.21,0.03,0.03,0.03,0.41,0.2,0.11,0.19,0.28,0.16,95
Am,PSL-US-v1-high,17,,,0.05720045978121001,,0.24,0.03,0.08,0.02,0.39,0.19,0.11,0.15,0.26,0.17,95
