element,name,Z,ecut_eff,ecut_prec,cost,avg_sq_score,myscore,SC,BCC,FCC,DC,XO,XO2,XO3,X2O,X2O3,X2O5
H,PSL-PAW-v0.x,1.0,40.0,40,1.5396,0.0,0.1,0.0173,0.0094,0.0121,0.0023,0.0448,0.0116,0.0586,0.0352,0.012,0.0924
H,PSL-PAW-v1-high,1.0,40.0,40,1.5396,0.0,0.1,0.0173,0.0094,0.0121,0.0023,0.0448,0.0116,0.0586,0.0352,0.012,0.0924
Li,DOJO-041-str,3.0,200.0,200,154.9193,0.0,1.7,0.0322,0.0378,0.0669,0.0086,0.053,0.0261,0.0778,0.0741,0.0353,0.0709
Li,PSL-PAW-v1-high,3.0,90.0,100,46.7654,0.0,0.6,0.016,0.0073,0.0167,0.0431,0.0058,0.0171,0.0157,0.0179,0.0259,0.0923
Li,PSL-US-v1-high,3.0,90.0,100,46.7654,0.0,0.6,0.0234,0.0338,0.0783,0.0111,0.0164,0.0024,0.0131,0.0263,0.0037,0.0768
Li,GBRV-1.X,3.0,30.0,35,9.0,0.0,0.0,0.0175,0.0168,0.0092,0.0014,0.0196,0.0015,0.0641,0.0473,0.0061,0.0877
O,DOJO-041-std,6.0,70.0,75,128.3121,0.0,0.4,0.0405,0.0669,0.0732,0.0173,0.0414,0.0779,0.0983,0.0779,0.0434,0.0534
O,DOJO-041-str,6.0,75.0,80,142.3025,0.0,0.45,0.048,0.0741,0.0783,0.028,0.0488,0.0814,0.0615,0.0814,0.0516,0.0632
O,PSL-PAW-v0.x,6.0,40.0,45,55.4256,0.0,0.1,0.0092,0.0091,0.0077,0.0045,0.0095,0.0112,0.0124,0.0112,0.0076,0.0101
O,PSL-US-v0.x,6.0,40.0,45,55.4256,0.0,0.1,0.0143,0.0229,0.0229,0.021,0.0153,0.025,0.0799,0.025,0.0316,0.0295
F,PSL-PAW-v0.x,7.0,65.0,75,156.2731,0.0,0.35,0.0284,0.0252,0.0451,0.0321,0.0107,0.0203,0.0485,0.0166,0.0145,0.0588
F,PSL-US-v0.x,7.0,65.0,75,156.2731,0.0,0.35,0.0379,0.0926,0.0284,0.0155,0.0062,0.0085,0.0697,0.0429,0.0066,0.0437
Mg,PSL-PAW-v1-low,10.0,80.0,80,435.4648,0.0,0.5,0.0366,0.0224,0.0279,0.0294,0.0104,0.0171,0.0247,0.0353,0.0212,0.0582
Mg,PSL-US-v1-low,10.0,80.0,80,435.4648,0.0,0.5,0.0124,0.0073,0.0171,0.0034,0.0012,0.0167,0.0193,0.0211,0.0219,0.0546
Mg,GBRV-1.X,10.0,35.0,35,126.0144,0.0,0.05,0.0262,0.0274,0.0265,0.0081,0.0143,0.0269,0.0189,0.0391,0.0273,0.0627
P,JTH-1.1-std,5.0,120.0,120,200.0,0.0,0.9,0.0327,0.059,0.0313,0.0636,0.0225,0.0174,0.0989,0.037,0.037,0.0785
S,DOJO-041-std,6.0,35.0,35,45.3652,0.0,0.05,0.04,0.0398,0.0497,0.0508,0.0191,0.0064,0.0182,0.0403,0.0124,0.0963
S,DOJO-050-std,6.0,35.0,35,45.3652,0.0,0.05,0.0287,0.0284,0.0371,0.0396,0.0123,0.0048,0.0169,0.0323,0.0185,0.0925
K,PSL-PAW-v1-high,9.0,55.0,55,201.07,0.0,0.25,0.0094,0.0029,0.0038,0.0215,0.0366,0.0483,0.0292,0.0393,0.0602,0.0929
K,PSL-US-v1-high,9.0,55.0,80,201.07,0.0,0.25,0.0443,0.0581,0.046,0.0243,0.0069,0.0241,0.0076,0.0067,0.0356,0.0788
Ca,PSL-PAW-v1-high,10.0,50.0,55,215.1657,0.0,0.2,0.0087,0.0132,0.0128,0.0202,0.0097,0.0068,0.0211,0.0572,0.0044,0.083
Sc,GBRV-1.X,11.0,30.0,30,121.0,0.0,0.0,0.036,0.0346,0.0355,0.0192,0.0556,0.0764,0.0758,0.042,0.076,0.0819
Ti,GBRV-1.X,12.0,30.0,30,144.0,0.0,0.0,0.0231,0.0152,0.0196,0.0321,0.0334,0.0553,0.0475,0.0286,0.0519,0.0338
Cr,DOJO-041-str,14.0,100.0,100,1192.818,0.0,0.7,0.027,0.0344,0.0222,0.0653,0.0468,0.0191,0.018,0.0077,0.0257,0.0494
Cr,GBRV-1.X,14.0,200.0,200,3373.7988,0.0,1.7,0.0248,0.0227,0.0232,0.0117,0.0224,0.0188,0.0321,0.0171,0.0173,0.0219
Mn,DOJO-041-std,15.0,80.0,80,979.7959,0.0,0.5,0.0314,0.0204,0.02,0.0357,0.0506,0.0115,0.0425,0.0401,0.0108,0.0049
Mn,GBRV-1.X,15.0,35.0,35,283.5324,0.0,0.05,0.0354,0.0154,0.0098,0.0297,0.0114,0.0073,0.0623,0.0286,0.0033,0.011
Fe,GBRV-1.X,16.0,30.0,35,256.0,0.0,0.0,0.0053,0.0427,0.0475,0.0372,0.0161,0.0457,0.0263,0.0086,0.0336,0.0357
Sr,DOJO-041-std,10.0,200.0,200,1721.3259,0.0,1.7,0.0305,0.021,0.027,0.0556,0.0239,0.0252,0.0139,0.0072,0.0231,0.0781
Y,JTH-1.1-std,11.0,30.0,30,121.0,0.0,0.0,0.0243,0.0266,0.0251,0.0395,0.0976,0.0859,0.0862,0.0909,0.089,0.0995
W,DOJO-041-std,14.0,50.0,55,421.7249,0.0,0.2,0.0338,0.0609,0.0621,0.0195,0.011,0.0064,0.0424,0.0542,0.0045,0.0248
W,PSL-US-v1-high,28.0,55.0,60,1946.1585,0.0,0.25,0.0282,0.0448,0.0579,0.0095,0.0061,0.0163,0.0467,0.0645,0.0264,0.022
Re,PSL-US-v1-high,29.0,55.0,60,2087.6522,0.0,0.25,0.098,0.0622,0.0964,0.0512,0.0084,0.02,0.0262,0.0511,0.0224,0.0275
Os,PSL-US-v1-low,16.0,45.0,50,470.302,0.0,0.15,0.0455,0.0833,0.0948,0.0537,0.0044,0.0291,0.0809,0.0492,0.0295,0.0126
Os,PSL-US-v1-high,30.0,200.0,200,15491.9334,0.0,1.7,0.0685,0.0361,0.0775,0.0834,0.0073,0.0529,0.0608,0.0578,0.0591,0.0315
Y,GBRV-1.X,11.0,30.0,30,121.0,0.0001,0.0,0.0022,0.0139,0.0114,0.1002,0.0808,0.0861,0.0859,0.072,0.0865,0.0949
H,PSL-US-v0.x,1.0,40.0,40,1.5396,0.0001,0.1,0.0637,0.0583,0.0591,0.0467,0.0646,0.0208,0.0647,0.0586,0.0235,0.1004
H,PSL-US-v1-high,1.0,40.0,40,1.5396,0.0001,0.1,0.0637,0.0583,0.0591,0.0467,0.0646,0.0208,0.0647,0.0586,0.0235,0.1004
H,SG15,1.0,55.0,65,2.4823,0.0002,0.2501,0.0111,0.0276,0.0269,0.028,0.0405,0.0127,0.046,0.0164,0.0083,0.1007
Os,PSL-PAW-v1-low,16.0,45.0,50,470.302,0.0004,0.1501,0.0574,0.0896,0.1012,0.0661,0.029,0.0286,0.0844,0.0584,0.03,0.0156
Ca,PSL-US-v1-high,10.0,50.0,55,215.1657,0.0007,0.2002,0.1022,0.0181,0.0348,0.0265,0.0395,0.0122,0.0406,0.0143,0.0158,0.062
O,SPMS,6.0,70.0,75,128.3121,0.0008,0.4003,0.0355,0.0616,0.0673,0.0132,0.0363,0.0726,0.1024,0.0726,0.0385,0.0483
Mo,JTH-1.1-std,14.0,30.0,30,196.0,0.002,0.0,0.0529,0.0852,0.0716,0.1064,0.0079,0.036,0.0917,0.0094,0.0418,0.0361
Sc,DOJO-041-std,11.0,65.0,70,385.8989,0.002,0.35,0.0229,0.0635,0.0765,0.1064,0.0379,0.054,0.0644,0.0246,0.0523,0.0168
Pt,PSL-US-v1-high,32.0,200.0,200,17626.3775,0.0021,1.7008,0.0288,0.0132,0.032,0.0472,0.0254,0.0495,0.1068,0.0277,0.0544,0.0272
Re,GBRV-1.X,15.0,30.0,30,225.0,0.0024,0.0008,0.0627,0.0935,0.0936,0.0676,0.0184,0.0209,0.1075,0.0358,0.0313,0.0336
Be,PSL-PAW-v1-high,4.0,70.0,100,57.0276,0.0025,0.401,0.0438,0.1016,0.1078,0.05,0.0735,0.0551,0.0864,0.0625,0.0692,0.0479
F,JTH-1.1-std,7.0,70.0,70,174.6471,0.0026,0.4003,0.1017,0.0829,0.1011,0.1079,0.0549,0.0628,0.0587,0.0486,0.0659,0.0821
S,SPMS,6.0,30.0,35,36.0,0.0027,0.001,0.0577,0.0618,0.0741,0.0684,0.0295,0.0212,0.0809,0.0568,0.0036,0.1086
Li,PSL-US-v1-low,3.0,60.0,60,25.4558,0.0033,0.3011,0.0428,0.038,0.0435,0.0573,0.0837,0.0716,0.0901,0.0907,0.0902,0.1103
H,JTH-1.1-std,1.0,35.0,40,1.2601,0.0033,0.0516,0.0926,0.1087,0.106,0.091,0.0084,0.0062,0.0334,0.0387,0.0125,0.087
Ca,JTH-1.1-std,10.0,35.0,40,126.0144,0.0042,0.0515,0.0097,0.0085,0.0107,0.0218,0.0425,0.0427,0.0205,0.0842,0.04,0.1132
K,DOJO-041-std,9.0,65.0,65,258.329,0.0044,0.3516,0.0127,0.019,0.0123,0.0029,0.0412,0.0659,0.065,0.0407,0.0767,0.114
Ta,PSL-US-v1-high,27.0,60.0,60,2061.9234,0.0045,0.3,0.0251,0.0333,0.0072,0.1141,0.0496,0.0122,0.0208,0.0307,0.0046,0.0053
C,PSL-PAW-v0.x,4.0,30.0,30,16.0,0.0046,0.0016,0.0519,0.048,0.0659,0.041,0.0094,0.0325,0.0902,0.0175,0.0369,0.1146
Cl,PSL-PAW-v1-low,7.0,60.0,60,138.5929,0.0049,0.3017,0.0362,0.034,0.0365,0.0435,0.0081,0.0147,0.0267,0.023,0.0163,0.1156
Ca,DOJO-041-std,10.0,200.0,200,1721.3259,0.005,1.7025,0.022,0.0588,0.0375,0.042,0.0359,0.0492,0.0329,0.1113,0.0491,0.1109
Li,PSL-PAW-v1-low,3.0,60.0,60,25.4558,0.0054,0.3028,0.0495,0.0463,0.0555,0.0671,0.0864,0.0746,0.1148,0.1016,0.0962,0.1087
Ca,GBRV-1.X,10.0,30.0,30,100.0,0.0058,0.002,0.0326,0.0108,0.0046,0.0153,0.0348,0.049,0.0214,0.0713,0.0455,0.1182
P,GBRV-1.X,5.0,30.0,30,25.0,0.0059,0.0027,0.1075,0.0957,0.0814,0.0897,0.0446,0.0664,0.0774,0.0668,0.0663,0.117
C,GBRV-1.X,4.0,30.0,30,16.0,0.0063,0.0022,0.0568,0.011,0.0223,0.062,0.071,0.0489,0.12,0.0571,0.0115,0.0778
V,DOJO-041-std,13.0,70.0,70,602.3541,0.0067,0.4031,0.0437,0.1085,0.0852,0.1004,0.0209,0.047,0.1196,0.0187,0.0388,0.0095
Na,PSL-PAW-v0.x,9.0,50.0,55,174.2843,0.0071,0.2025,0.0027,0.0072,0.0029,0.0085,0.0467,0.0491,0.1225,0.0268,0.0334,0.0549
K,GBRV-1.X,9.0,70.0,75,288.7023,0.0079,0.4028,0.011,0.0092,0.0038,0.0323,0.0592,0.076,0.0697,0.0465,0.0893,0.1249
Cl,PSL-US-v1-low,7.0,60.0,60,138.5929,0.0083,0.3029,0.0461,0.0522,0.0555,0.0596,0.0068,0.0166,0.0692,0.0355,0.0108,0.1261
Fe,DOJO-041-std,16.0,80.0,80,1114.79,0.0086,0.5042,0.0432,0.1155,0.0771,0.0736,0.0752,0.0278,0.0269,0.1225,0.0407,0.0133
Na,PSL-PAW-v1-low,9.0,80.0,120,352.7265,0.0087,0.5031,0.0184,0.0064,0.0084,0.0176,0.0777,0.0557,0.1275,0.0815,0.0502,0.0372
Os,GBRV-1.X,16.0,30.0,35,256.0,0.0091,0.0045,0.0846,0.1169,0.1232,0.0636,0.0288,0.0379,0.0285,0.078,0.0349,0.042
B,PSL-PAW-v0.x,3.0,30.0,30,9.0,0.0101,0.0036,0.021,0.0826,0.0878,0.018,0.0211,0.0506,0.091,0.0044,0.0573,0.132
Ti,DOJO-041-std,12.0,70.0,70,513.2485,0.0107,0.4058,0.0187,0.1179,0.106,0.0553,0.0474,0.0771,0.1279,0.0094,0.0622,0.0388
Si,PSL-PAW-v1-high,4.0,30.0,30,16.0,0.0115,0.0043,0.0797,0.1023,0.1364,0.0458,0.0608,0.0232,0.0414,0.0544,0.0057,0.0677
Pt,PSL-PAW-v1-high,32.0,90.0,90,5320.8601,0.0118,0.6039,0.103,0.1126,0.1195,0.1292,0.0164,0.0243,0.0663,0.0852,0.03,0.008
K,SG15,9.0,30.0,30,81.0,0.0121,0.0042,0.0049,0.0025,0.0031,0.0155,0.0413,0.0429,0.1381,0.0481,0.0368,0.0019
V,GBRV-1.X,13.0,30.0,35,169.0,0.0125,0.002,0.1073,0.0793,0.0821,0.1375,0.0937,0.0789,0.0611,0.1105,0.0798,0.0556
Sr,DOJO-041-str,10.0,200.0,200,1721.3259,0.0125,1.7044,0.1396,0.0224,0.0122,0.0299,0.0079,0.0087,0.0466,0.0658,0.0074,0.0584
Zr,JTH-1.1-std,12.0,30.0,30,144.0,0.0131,0.0094,0.075,0.0491,0.0531,0.0619,0.1231,0.1146,0.1263,0.1048,0.1157,0.0916
F,PSL-PAW-v1-high,7.0,70.0,70,174.6471,0.0135,0.4048,0.0548,0.0438,0.026,0.0488,0.0587,0.0295,0.1428,0.0279,0.0404,0.0354
B,JTH-1.1-std,3.0,30.0,30,9.0,0.0136,0.006,0.0468,0.0413,0.0609,0.0125,0.0477,0.0686,0.1127,0.0309,0.0689,0.1411
Ta,PSL-PAW-v1-high,27.0,60.0,60,2061.9234,0.0154,0.3087,0.1121,0.1277,0.1382,0.0401,0.0279,0.0016,0.0171,0.0975,0.0123,0.0173
B,PSL-US-v0.x,3.0,30.0,35,9.0,0.0167,0.0059,0.0592,0.0978,0.0931,0.0849,0.0146,0.0278,0.0375,0.0394,0.0296,0.1529
Ni,GBRV-1.X,18.0,40.0,40,498.8306,0.0173,0.1061,0.036,0.0129,0.0177,0.0733,0.0583,0.076,0.1547,0.0063,0.0844,0.0159
La,PSL-PAW-v1-high,11.0,50.0,55,260.3505,0.0177,0.21,0.1366,0.0543,0.1131,0.0207,0.0679,0.0436,0.1402,0.0052,0.0443,0.0587
La,PSL-PAW-v1-high,21.0,200.0,200,7591.0474,0.0177,1.71,0.1366,0.0543,0.1131,0.0207,0.0679,0.0436,0.1402,0.0052,0.0443,0.0587
Sc,PSL-PAW-v1-high,11.0,60.0,70,342.2397,0.0178,0.3119,0.1339,0.1183,0.1033,0.0435,0.1126,0.0871,0.0945,0.139,0.0962,0.089
S,JTH-1.1-std,6.0,35.0,35,45.3652,0.0179,0.0562,0.0713,0.0425,0.0474,0.1073,0.0207,0.0215,0.1561,0.0359,0.011,0.0673
Si,PSL-US-v1-low,4.0,40.0,40,24.6336,0.0185,0.1088,0.0996,0.12,0.1503,0.1204,0.0657,0.054,0.0121,0.0748,0.0858,0.1086
Cl,DOJO-041-str,7.0,45.0,75,90.0187,0.019,0.1618,0.104,0.1298,0.1324,0.1084,0.0325,0.0225,0.0094,0.0813,0.0119,0.1396
Cl,DOJO-041-std,7.0,45.0,75,90.0187,0.019,0.1618,0.104,0.1298,0.1324,0.1084,0.0325,0.0225,0.0094,0.0813,0.0119,0.1396
H,GBRV-1.X,1.0,30.0,30,1.0,0.0199,0.0138,0.1322,0.1273,0.1301,0.1097,0.0927,0.0298,0.0992,0.1345,0.0447,0.0963
Zr,GBRV-1.X,12.0,30.0,30,144.0,0.02,0.0151,0.0893,0.0482,0.051,0.0889,0.1286,0.1216,0.1408,0.12,0.1252,0.0947
Be,PSL-PAW-v1-low,2.0,30.0,30,4.0,0.02,0.0105,0.0789,0.1406,0.1482,0.076,0.1034,0.0782,0.1024,0.0941,0.097,0.0643
Be,PSL-PAW-v1-low,4.0,60.0,90,45.2548,0.02,0.3105,0.0789,0.1406,0.1482,0.076,0.1034,0.0782,0.1024,0.0941,0.097,0.0643
Be,PSL-US-v1-high,4.0,80.0,100,69.6744,0.0201,0.5103,0.0755,0.142,0.1477,0.0712,0.0991,0.074,0.1033,0.0875,0.0917,0.0609
P,PSL-PAW-v1-high,5.0,30.0,30,25.0,0.0202,0.0071,0.0322,0.0095,0.0188,0.0086,0.0178,0.0302,0.1639,0.0057,0.01,0.0531
Tc,GBRV-1.X,15.0,30.0,30,225.0,0.0204,0.0191,0.1099,0.1251,0.1296,0.1034,0.1261,0.1104,0.1193,0.1313,0.12,0.0896
Mg,PSL-PAW-v1-high,10.0,80.0,100,435.4648,0.0212,0.5094,0.0436,0.0598,0.0511,0.0206,0.1216,0.0747,0.1634,0.099,0.086,0.0044
F,PSL-US-v1-high,7.0,70.0,70,174.6471,0.0212,0.4087,0.1124,0.0466,0.0967,0.0976,0.0632,0.0427,0.1659,0.0828,0.0526,0.0222
Ir,PSL-PAW-v1-high,31.0,75.0,80,3798.686,0.0213,0.4575,0.038,0.0577,0.0627,0.0408,0.0315,0.0728,0.1675,0.0278,0.0657,0.0418
Si,PSL-PAW-v1-low,4.0,30.0,30,16.0,0.0216,0.0109,0.1018,0.1343,0.1589,0.091,0.0918,0.0967,0.1032,0.0952,0.0708,0.0913
Sr,GBRV-1.X,10.0,30.0,30,100.0,0.0222,0.0078,0.1702,0.0779,0.061,0.0086,0.016,0.0175,0.0052,0.0472,0.0224,0.0745
Nb,JTH-1.1-std,13.0,30.0,30,169.0,0.0238,0.0176,0.0814,0.0676,0.0628,0.0259,0.1488,0.1321,0.1299,0.1137,0.1343,0.0988
Hf,PSL-PAW-v1-high,36.0,150.0,150,14489.7205,0.0244,1.2052,0.0892,0.0608,0.0464,0.1722,0.121,0.1146,0.1034,0.0899,0.1078,0.0708
Sn,GBRV-1.X,14.0,75.0,120,774.758,0.0247,0.45,0.0836,0.0933,0.0744,0.1782,0.055,0.0638,0.0753,0.0456,0.0327,0.0329
K,SPMS,9.0,30.0,30,81.0,0.0249,0.0087,0.0349,0.0365,0.0364,0.0408,0.0114,0.0234,0.1786,0.0215,0.031,0.013
Be,PSL-US-v1-low,2.0,30.0,30,4.0,0.0255,0.0146,0.0903,0.1548,0.158,0.0855,0.1088,0.0816,0.1078,0.0989,0.1017,0.0662
Be,PSL-US-v1-low,4.0,60.0,90,45.2548,0.0255,0.3146,0.0903,0.1548,0.158,0.0855,0.1088,0.0816,0.1078,0.0989,0.1017,0.0662
Pt,PSL-PAW-v1-low,10.0,30.0,30,100.0,0.0257,0.013,0.1224,0.1424,0.1422,0.1492,0.0525,0.0159,0.0618,0.1099,0.0209,0.0383
Pt,PSL-PAW-v1-low,18.0,50.0,70,697.137,0.0257,0.213,0.1224,0.1424,0.1422,0.1492,0.0525,0.0159,0.0618,0.1099,0.0209,0.0383
Re,DOJO-041-std,15.0,50.0,50,484.1229,0.0266,0.2167,0.1439,0.1517,0.1495,0.0897,0.0778,0.0412,0.0353,0.1052,0.0477,0.0572
Cl,GBRV-1.X,7.0,30.0,30,49.0,0.0269,0.0184,0.1069,0.1348,0.1371,0.1134,0.0394,0.0499,0.1256,0.0876,0.0564,0.1614
Y,PSL-PAW-v1-high,11.0,35.0,35,152.4774,0.0275,0.0532,0.0492,0.0211,0.0216,0.1838,0.095,0.0921,0.1211,0.0734,0.1079,0.0495
Si,GBRV-1.X,4.0,30.0,30,16.0,0.028,0.0197,0.1108,0.1274,0.154,0.1192,0.0721,0.0975,0.0876,0.0843,0.1479,0.1375
H,DOJO-041-std,1.0,50.0,60,2.1517,0.0283,0.2138,0.1479,0.1355,0.1349,0.1566,0.0844,0.0289,0.0748,0.0955,0.0354,0.1063
As,DOJO-041-str,23.0,100.0,100,3219.3915,0.0284,0.7151,0.0645,0.1131,0.169,0.1141,0.0224,0.0422,0.1539,0.0506,0.0395,0.0058
Sr,PSL-PAW-v1-high,10.0,35.0,55,126.0144,0.0286,0.0617,0.0063,0.0154,0.0178,0.0388,0.0874,0.1051,0.1898,0.1013,0.1096,0.0364
Lu,PSL-PAW-v1-high,35.0,150.0,150,13695.9164,0.0286,1.2142,0.1007,0.1114,0.1048,0.0935,0.0678,0.1221,0.1868,0.0875,0.0756,0.1021
Pt,PSL-US-v1-low,10.0,30.0,30,100.0,0.0288,0.0148,0.127,0.1465,0.1482,0.1542,0.061,0.0199,0.0826,0.1113,0.027,0.0373
Pt,PSL-US-v1-low,18.0,50.0,70,697.137,0.0288,0.2148,0.127,0.1465,0.1482,0.1542,0.061,0.0199,0.0826,0.1113,0.027,0.0373
W,SPMS,14.0,30.0,30,196.0,0.0293,0.0155,0.0382,0.0716,0.0613,0.1044,0.0438,0.1362,0.1825,0.0356,0.1207,0.0857
W,PSL-PAW-v1-high,28.0,55.0,60,1946.1585,0.0293,0.267,0.1012,0.1686,0.1561,0.0948,0.0777,0.0375,0.0674,0.1265,0.0515,0.0484
Sr,SG15,10.0,30.0,30,100.0,0.0301,0.0104,0.0718,0.0817,0.0849,0.1194,0.0469,0.0811,0.1933,0.0744,0.0896,0.0234
Si,PSL-US-v1-high,4.0,30.0,30,16.0,0.0303,0.0107,0.0388,0.0498,0.0772,0.0267,0.0339,0.0334,0.196,0.0271,0.0144,0.0773
H,SPMS,1.0,55.0,60,2.4823,0.0332,0.2673,0.1569,0.1439,0.144,0.1624,0.0891,0.0309,0.078,0.1033,0.0386,0.1073
F,SG15,7.0,90.0,90,254.6115,0.0336,0.6168,0.0216,0.1178,0.1341,0.021,0.0517,0.027,0.199,0.0727,0.0562,0.0801
Ir,PSL-US-v1-high,31.0,70.0,80,3425.2207,0.034,0.4123,0.0369,0.0564,0.0222,0.0259,0.1032,0.0956,0.2074,0.0311,0.0933,0.0725
Co,GBRV-1.X,17.0,35.0,35,364.1816,0.0347,0.0753,0.1195,0.1543,0.1714,0.0858,0.0732,0.0687,0.1305,0.0838,0.1517,0.0668
C,PSL-US-v1-high,4.0,35.0,35,20.1623,0.0349,0.0741,0.1513,0.1678,0.1577,0.0648,0.0737,0.0579,0.1404,0.0511,0.0595,0.0743
C,PSL-PAW-v1-high,4.0,35.0,35,20.1623,0.0351,0.0657,0.2066,0.13,0.1046,0.1047,0.0385,0.0389,0.0898,0.0301,0.0307,0.0923
W,JTH-1.1-std,14.0,30.0,30,196.0,0.0353,0.0089,0.1189,0.0399,0.0488,0.1911,0.0543,0.0785,0.1614,0.037,0.0916,0.0367
Os,PSL-PAW-v1-high,30.0,75.0,80,3557.5624,0.0359,0.4714,0.148,0.1587,0.1656,0.1494,0.0838,0.0727,0.0764,0.1202,0.0825,0.0576
Ni,DOJO-041-std,18.0,80.0,90,1410.9061,0.0361,0.5167,0.1304,0.0968,0.1167,0.1346,0.062,0.0244,0.203,0.0368,0.0439,0.0667
Na,PSL-US-v1-low,9.0,80.0,120,352.7265,0.0361,0.5079,0.0473,0.0334,0.079,0.2047,0.1216,0.0756,0.1384,0.1114,0.0733,0.0226
Tc,PSL-PAW-v0.x,15.0,35.0,40,283.5324,0.0368,0.0655,0.1007,0.0681,0.0413,0.0985,0.1004,0.1116,0.2152,0.0666,0.1114,0.0861
Zr,PSL-PAW-v1-high,12.0,40.0,40,221.7025,0.0371,0.1218,0.0619,0.0604,0.0607,0.1648,0.1472,0.1543,0.1491,0.0827,0.1444,0.1012
Pb,JTH-1.1-std,14.0,55.0,120,486.5396,0.0374,0.2688,0.0443,0.0715,0.0674,0.0265,0.0141,0.1515,0.2058,0.057,0.112,0.0105
Fe,DOJO-041-str,16.0,200.0,200,4406.5944,0.0381,1.721,0.0934,0.197,0.1653,0.1113,0.0699,0.0536,0.0059,0.1268,0.0728,0.0385
Si,PSL-US-v0.x,4.0,30.0,30,16.0,0.039,0.0195,0.0993,0.1521,0.1966,0.1536,0.1028,0.0398,0.0179,0.1098,0.0765,0.1146
Al,PSL-PAW-v1-low,3.0,30.0,30,9.0,0.039,0.0207,0.0403,0.0822,0.0892,0.0252,0.1247,0.0843,0.2088,0.0999,0.0376,0.1528
Ga,PSL-PAW-v1-high,13.0,60.0,60,478.0042,0.0396,0.3202,0.0206,0.08,0.081,0.0392,0.0475,0.1227,0.215,0.0147,0.1444,0.0405
P,SG15,5.0,50.0,50,53.7914,0.0403,0.212,0.1074,0.0311,0.0258,0.1794,0.036,0.0514,0.1995,0.028,0.0121,0.1011
O,SG15,6.0,75.0,80,142.3025,0.0404,0.4642,0.0755,0.0316,0.0246,0.0706,0.0767,0.0257,0.2278,0.0257,0.0578,0.047
Ta,SPMS,13.0,30.0,30,169.0,0.0412,0.0263,0.0247,0.0621,0.0978,0.033,0.1462,0.1347,0.2071,0.0774,0.1463,0.1024
Ar,PSL-PAW-v1-low,8.0,100.0,100,389.4916,0.0412,0.7233,0.024,0.0498,0.02,0.0654,0.0327,0.1293,0.2077,0.1669,0.1062,0.0387
Mo,SPMS,14.0,35.0,35,246.9882,0.0413,0.067,0.0803,0.0827,0.0743,0.1263,0.0866,0.1218,0.2259,0.0694,0.1055,0.0897
Mn,SPMS,15.0,70.0,70,801.9507,0.0413,0.4163,0.1001,0.1231,0.1466,0.1963,0.0152,0.1053,0.1713,0.0297,0.096,0.0476
Re,PSL-PAW-v1-high,29.0,55.0,60,2087.6522,0.0417,0.2764,0.1712,0.1745,0.1803,0.1142,0.0853,0.0391,0.0367,0.1114,0.0456,0.0526
Ge,GBRV-1.X,14.0,35.0,35,246.9882,0.0418,0.0759,0.1191,0.1432,0.2097,0.1336,0.0818,0.0295,0.0458,0.1401,0.0376,0.1212
Ba,DOJO-050-std,10.0,200.0,200,1721.3259,0.0421,1.722,0.1035,0.0937,0.0852,0.1633,0.1383,0.0799,0.0854,0.1815,0.0905,0.175
C,PSL-US-v0.x,4.0,30.0,30,16.0,0.0421,0.0026,0.1169,0.0923,0.0847,0.2321,0.0104,0.0422,0.1035,0.0141,0.0394,0.1029
Mn,DOJO-041-str,15.0,200.0,200,3872.9833,0.0425,1.7199,0.2171,0.0718,0.1333,0.1488,0.0562,0.0271,0.0369,0.129,0.0389,0.0416
Hf,PSL-US-v1-high,26.0,200.0,200,11636.1633,0.0427,1.7032,0.0168,0.0144,0.0401,0.2319,0.0356,0.0662,0.1292,0.0486,0.079,0.0543
Ru,GBRV-1.X,16.0,30.0,30,256.0,0.0433,0.0393,0.1515,0.1541,0.1558,0.1489,0.1294,0.1254,0.1518,0.1465,0.1365,0.1027
Au,SPMS,19.0,30.0,30,361.0,0.0437,0.0319,0.0641,0.1504,0.1507,0.0873,0.0341,0.1163,0.2086,0.1255,0.1359,0.0384
Zr,SG15,12.0,45.0,45,264.5449,0.0441,0.1794,0.0196,0.0165,0.0177,0.1387,0.1251,0.181,0.1842,0.0464,0.1588,0.1157
Ca,SG15,10.0,35.0,35,126.0144,0.0448,0.0806,0.2117,0.1536,0.1347,0.1256,0.0766,0.1073,0.15,0.0636,0.1182,0.0227
B,GBRV-1.X,3.0,30.0,30,9.0,0.0452,0.0291,0.1387,0.177,0.1714,0.1629,0.0283,0.029,0.0677,0.114,0.0416,0.1611
Li,PSL-PAW-v0.x,3.0,70.0,75,32.078,0.046,0.43,0.0225,0.0269,0.0178,0.0022,0.1595,0.1,0.2088,0.1683,0.1337,0.0467
Ac,PSL-US-v1-high,11.0,35.0,45,152.4774,0.0462,0.0847,0.0149,0.0372,0.0254,0.066,0.142,0.1569,0.1975,0.052,0.1511,0.165
Pa,MARBURG,13.0,40.0,40,260.1925,0.0466,0.1315,0.0971,0.0552,0.0763,0.1115,0.2051,0.1563,0.0566,0.1027,0.1718,0.1472
Ne,PSL-PAW-v1-high,8.0,100.0,150,389.4916,0.0473,0.7223,0.1205,0.1292,0.1084,0.2009,0.1532,0.025,0.0755,0.1898,0.0048,0.062
Re,SG15,15.0,35.0,40,283.5324,0.048,0.0831,0.1777,0.1809,0.1822,0.1435,0.1192,0.0427,0.0488,0.1377,0.0545,0.0672
Os,SG15,16.0,45.0,50,470.302,0.048,0.1793,0.1621,0.174,0.1766,0.1775,0.1089,0.0653,0.07,0.1418,0.0794,0.0602
Ac,PSL-PAW-v1-high,11.0,200.0,200,2082.8044,0.048,1.7371,0.0852,0.1015,0.0811,0.1602,0.1665,0.1601,0.1553,0.1291,0.151,0.17
Nb,DOJO-041-std,13.0,65.0,70,538.9827,0.0482,0.3874,0.1013,0.1388,0.1265,0.1657,0.1704,0.1461,0.1835,0.0897,0.1441,0.1256
Pd,PSL-PAW-v1-high,18.0,65.0,75,1033.316,0.0485,0.3696,0.0514,0.0222,0.0186,0.0667,0.0785,0.1252,0.2514,0.0331,0.0852,0.0634
Ga,PSL-PAW-v1-low,13.0,55.0,60,419.5163,0.0497,0.2821,0.1153,0.1873,0.194,0.132,0.0161,0.0889,0.1833,0.0842,0.109,0.0097
Pm,PSL-PAW-v1-high,25.0,150.0,150,6987.7124,0.0507,1.2367,0.0374,0.063,0.1293,0.1407,0.2199,0.1284,0.1023,0.1617,0.1564,0.1318
Be,SPMS,4.0,45.0,50,29.3939,0.0512,0.1841,0.2202,0.151,0.1077,0.1476,0.1398,0.0215,0.1701,0.1005,0.0391,0.1178
Cl,PSL-US-v1-high,7.0,30.0,45,49.0,0.0512,0.018,0.0257,0.0252,0.0224,0.031,0.0313,0.0734,0.2618,0.007,0.0551,0.0839
Co,DOJO-041-std,17.0,200.0,200,4974.6319,0.0518,1.7313,0.0873,0.0502,0.0779,0.0698,0.2009,0.0082,0.202,0.0305,0.1789,0.0596
Tc,JTH-1.1-std,15.0,30.0,30,225.0,0.0518,0.0447,0.1222,0.1309,0.1369,0.0934,0.1326,0.1418,0.2257,0.1442,0.1581,0.1096
Zn,JTH-1.1-std,12.0,120.0,120,1152.0,0.0525,0.915,0.0963,0.036,0.0455,0.2063,0.0991,0.0368,0.2274,0.0646,0.1072,0.0282
Os,DOJO-041-std,16.0,55.0,60,635.4803,0.0536,0.2838,0.1723,0.1901,0.1895,0.1683,0.0816,0.0887,0.0765,0.1516,0.1005,0.0725
Ga,PSL-US-v1-low,13.0,55.0,60,419.5163,0.0538,0.2842,0.1111,0.1773,0.1857,0.1403,0.0174,0.1057,0.217,0.0826,0.111,0.0125
Th,MARBURG,12.0,150.0,150,1609.9689,0.0538,1.2395,0.2129,0.0281,0.1164,0.1336,0.1623,0.1694,0.0397,0.0931,0.1757,0.1184
Tl,GBRV-1.X,13.0,60.0,150,478.0042,0.0541,0.3263,0.1564,0.1118,0.0974,0.1999,0.0695,0.0359,0.2214,0.1161,0.011,0.1308
Nb,GBRV-1.X,13.0,30.0,30,169.0,0.0543,0.0502,0.1537,0.1354,0.1273,0.1542,0.1812,0.1475,0.1629,0.1737,0.1568,0.1129
S,PSL-US-v1-high,6.0,30.0,30,36.0,0.055,0.0193,0.0365,0.0491,0.0374,0.0205,0.0162,0.0241,0.2739,0.0131,0.0291,0.0721
Ta,GBRV-1.X,13.0,35.0,45,212.9643,0.0554,0.0927,0.0512,0.0881,0.1286,0.0869,0.2175,0.1542,0.0796,0.161,0.131,0.1919
Sc,PSL-US-v1-high,11.0,65.0,70,385.8989,0.0557,0.35,0.0332,0.0229,0.0218,0.2762,0.0494,0.0646,0.0898,0.0741,0.071,0.0632
Si,PSL-PAW-v0.x,4.0,30.0,30,16.0,0.0558,0.0324,0.1386,0.184,0.2189,0.1848,0.1228,0.0609,0.1004,0.1272,0.0414,0.0805
Rh,PSL-PAW-v1-high,17.0,50.0,55,621.829,0.0564,0.2227,0.0994,0.057,0.052,0.1142,0.115,0.1069,0.277,0.0725,0.105,0.067
Al,PSL-US-v1-low,3.0,30.0,30,9.0,0.0571,0.026,0.1095,0.0989,0.1094,0.1061,0.0438,0.0993,0.2754,0.077,0.14,0.012
Zr,DOJO-041-std,12.0,200.0,200,2478.7093,0.0575,1.7352,0.0868,0.1102,0.1111,0.215,0.1758,0.1748,0.1643,0.0977,0.1614,0.1193
Se,DOJO-041-str,24.0,100.0,100,3505.4244,0.058,0.7204,0.0091,0.0204,0.0418,0.0434,0.0049,0.0361,0.2835,0.0147,0.0188,0.005
Ga,JTH-1.1-std,13.0,30.0,30,169.0,0.0581,0.0322,0.0692,0.0105,0.0181,0.0689,0.0722,0.1546,0.2569,0.0193,0.1787,0.026
Si,DOJO-041-std,4.0,30.0,30,16.0,0.0587,0.0249,0.0637,0.0353,0.0509,0.0615,0.0134,0.1363,0.282,0.0056,0.1061,0.0307
Si,DOJO-041-str,4.0,30.0,30,16.0,0.0587,0.0249,0.0637,0.0353,0.0509,0.0615,0.0134,0.1363,0.282,0.0056,0.1061,0.0307
Li,PSL-US-v0.x,3.0,70.0,75,32.078,0.0593,0.4407,0.0492,0.0558,0.0818,0.0283,0.1738,0.1119,0.2302,0.2002,0.1503,0.0382
Pd,PSL-US-v1-high,18.0,65.0,75,1033.316,0.0596,0.3761,0.0894,0.0991,0.0868,0.1022,0.1114,0.1393,0.2839,0.0636,0.0977,0.0784
B,SPMS,3.0,45.0,50,16.5341,0.0608,0.1596,0.1833,0.0603,0.0962,0.2731,0.0389,0.055,0.0876,0.0279,0.0542,0.1034
Mo,PSL-PAW-v1-high,14.0,40.0,55,301.7617,0.061,0.1394,0.0956,0.0527,0.0516,0.1702,0.163,0.1629,0.2426,0.1,0.1573,0.1285
S,GBRV-1.X,6.0,30.0,30,36.0,0.0612,0.0246,0.0726,0.0807,0.0944,0.0884,0.0476,0.0648,0.291,0.0784,0.0668,0.1301
Cd,PSL-PAW-v1-high,20.0,100.0,150,2434.3225,0.0622,0.7313,0.1091,0.1347,0.1208,0.1197,0.0721,0.1203,0.2902,0.0068,0.1067,0.0745
Cd,JTH-1.1-std,12.0,35.0,120,181.4607,0.0623,0.0808,0.0689,0.1408,0.127,0.0457,0.1201,0.0255,0.2896,0.0109,0.03,0.0141
Si,SPMS,4.0,30.0,30,16.0,0.0623,0.0261,0.0654,0.0352,0.0507,0.0622,0.0116,0.1351,0.2938,0.0055,0.1059,0.0345
Al,PSL-PAW-v1-high,3.0,30.0,30,9.0,0.0648,0.0257,0.025,0.0999,0.1,0.0388,0.0842,0.0404,0.303,0.0889,0.0837,0.1285
Cd,PSL-US-v1-high,20.0,100.0,150,2434.3225,0.0651,0.727,0.0425,0.0671,0.0441,0.007,0.0861,0.1289,0.3037,0.0312,0.1106,0.081
Co,DOJO-041-str,17.0,90.0,90,1501.6881,0.0662,0.6414,0.1329,0.0646,0.0981,0.0969,0.2652,0.011,0.199,0.0543,0.1752,0.0659
Tc,DOJO-041-std,15.0,65.0,70,717.5806,0.0669,0.3999,0.1568,0.1409,0.1044,0.1321,0.151,0.1473,0.2776,0.1054,0.1451,0.1206
B,DOJO-041-std,3.0,50.0,55,19.3649,0.0671,0.2487,0.0323,0.2231,0.1601,0.1456,0.1056,0.13,0.2399,0.1256,0.1543,0.0628
Tc,PSL-PAW-v1-high,15.0,200.0,200,3872.9833,0.0684,1.7461,0.1411,0.1068,0.0738,0.1325,0.1427,0.1557,0.288,0.1033,0.1571,0.1206
Re,SPMS,15.0,30.0,30,225.0,0.0692,0.0327,0.2203,0.1723,0.1354,0.2501,0.0437,0.0739,0.1667,0.0988,0.0504,0.0407
He,PSL-PAW-v1-high,2.0,120.0,120,32.0,0.0698,0.9421,0.0216,0.0378,0.033,0.034,0.244,0.0561,0.2057,0.2295,0.0883,0.0821
Mo,DOJO-041-std,14.0,65.0,65,625.0924,0.0699,0.4081,0.134,0.1344,0.1283,0.1722,0.1826,0.165,0.2528,0.1221,0.1626,0.1413
P,PSL-US-v1-high,5.0,30.0,30,25.0,0.0703,0.0247,0.0455,0.0393,0.0426,0.0778,0.0062,0.0387,0.3222,0.0146,0.0237,0.0632
Cl,PSL-PAW-v1-high,7.0,55.0,70,121.6349,0.0712,0.275,0.0171,0.0114,0.0081,0.0167,0.0374,0.087,0.3252,0.0082,0.0664,0.0768
F,SPMS,7.0,200.0,200,843.4497,0.0721,1.7466,0.1563,0.2366,0.2608,0.1438,0.0501,0.0555,0.0448,0.1428,0.0351,0.1229
Tc,PSL-US-v0.x,15.0,35.0,40,283.5324,0.0727,0.0923,0.124,0.117,0.0837,0.1112,0.1135,0.1461,0.3173,0.0817,0.1433,0.1198
Ar,PSL-PAW-v1-high,8.0,100.0,120,389.4916,0.0727,0.7352,0.0159,0.0416,0.0276,0.0548,0.0264,0.1397,0.3204,0.1512,0.105,0.0299
Au,PSL-US-v1-high,33.0,200.0,200,18745.2394,0.0733,1.7444,0.1909,0.2231,0.2146,0.2157,0.0955,0.0591,0.0183,0.1612,0.0669,0.1099
Zn,PSL-US-v1-low,12.0,60.0,60,407.2935,0.0743,0.3528,0.164,0.2614,0.2134,0.0733,0.1298,0.0334,0.2066,0.0636,0.0667,0.0172
Pb,SG15,14.0,30.0,30,196.0,0.077,0.0533,0.0535,0.0971,0.1112,0.1271,0.0342,0.2593,0.2284,0.0361,0.2021,0.1788
Ce,PSL-PAW-v1-high,22.0,200.0,200,8331.2175,0.0771,1.7515,0.2811,0.1789,0.2341,0.0176,0.1295,0.0505,0.14,0.0107,0.0787,0.037
Rh,PSL-US-v1-high,17.0,50.0,55,621.829,0.0772,0.2525,0.1578,0.1382,0.1228,0.1542,0.174,0.1271,0.3095,0.1095,0.1333,0.0892
Zr,PSL-US-v1-high,12.0,40.0,40,221.7025,0.0778,0.1576,0.1328,0.1526,0.1494,0.2605,0.2062,0.1793,0.1599,0.1382,0.1712,0.129
Ar,PSL-US-v1-high,8.0,100.0,150,389.4916,0.0779,0.7585,0.2172,0.223,0.1461,0.1472,0.0484,0.1103,0.1942,0.2361,0.0884,0.0304
Al,JTH-1.1-std,3.0,30.0,30,9.0,0.0788,0.0711,0.0835,0.1717,0.1686,0.0263,0.2169,0.1728,0.1777,0.2022,0.0799,0.2298
Au,PSL-PAW-v1-high,33.0,55.0,90,2703.2738,0.0791,0.299,0.2071,0.2284,0.2191,0.2251,0.0959,0.0635,0.0469,0.1667,0.0688,0.1195
Ir,DOJO-041-std,17.0,50.0,55,621.829,0.0795,0.2516,0.2103,0.2161,0.219,0.2194,0.113,0.092,0.0677,0.1943,0.1116,0.0903
F,GBRV-1.X,7.0,40.0,40,75.4404,0.0795,0.1449,0.2105,0.2273,0.2665,0.1844,0.0731,0.0684,0.0182,0.0992,0.0694,0.0915
Mo,PSL-PAW-v0.x,14.0,35.0,35,246.9882,0.0796,0.1082,0.1223,0.09,0.0827,0.1894,0.1843,0.1832,0.2762,0.1265,0.1813,0.15
As,JTH-1.1-std,15.0,60.0,60,636.3961,0.0798,0.328,0.0336,0.0219,0.0455,0.0149,0.0172,0.0502,0.3522,0.0373,0.0268,0.0781
Ta,DOJO-041-std,13.0,45.0,45,310.4728,0.0805,0.2074,0.0306,0.0389,0.0699,0.0614,0.1585,0.2013,0.2899,0.0727,0.2072,0.16
Ru,PSL-PAW-v1-high,16.0,40.0,55,394.1378,0.0808,0.1452,0.1198,0.0913,0.0735,0.1291,0.1235,0.1623,0.3362,0.0861,0.1619,0.103
F,DOJO-041-std,7.0,75.0,80,193.6895,0.0816,0.5014,0.1667,0.2536,0.2831,0.1546,0.0543,0.0582,0.0431,0.1406,0.0393,0.1185
Ir,SPMS,17.0,30.0,30,289.0,0.0817,0.0609,0.2022,0.2257,0.2042,0.2077,0.1609,0.0297,0.2109,0.1446,0.0668,0.0612
Th,PSL-US-v1-high,12.0,200.0,200,2478.7093,0.082,1.756,0.0907,0.0435,0.0413,0.0833,0.2316,0.2461,0.0656,0.0355,0.251,0.1755
Ga,GBRV-1.X,19.0,150.0,150,4036.1027,0.0823,1.2532,0.1524,0.1114,0.1033,0.0962,0.1241,0.1854,0.3265,0.0325,0.1754,0.0536
I,GBRV-1.X,7.0,30.0,30,49.0,0.0826,0.0758,0.1574,0.1592,0.1539,0.1578,0.1669,0.2205,0.0106,0.1822,0.2319,0.2101
U,MARBURG,14.0,40.0,45,301.7617,0.0827,0.1451,0.1455,0.0653,0.0503,0.2822,0.2217,0.1691,0.1964,0.1025,0.1643,0.1068
Br,DOJO-041-str,17.0,200.0,200,4974.6319,0.0827,1.7449,0.1429,0.1667,0.1555,0.1441,0.0388,0.0729,0.339,0.0846,0.0318,0.0758
Rh,SPMS,17.0,40.0,40,444.9446,0.0827,0.1554,0.146,0.1158,0.1245,0.1724,0.1356,0.156,0.3076,0.0887,0.213,0.0897
P,SPMS,5.0,30.0,30,25.0,0.0829,0.0292,0.0867,0.0453,0.0377,0.1481,0.0114,0.1055,0.3575,0.0097,0.066,0.0646
Hf,DOJO-041-str,26.0,200.0,200,11636.1633,0.0834,1.7168,0.0787,0.1514,0.2,0.3384,0.0556,0.0286,0.0877,0.037,0.0272,0.0291
He,PSL-US-v1-high,2.0,100.0,100,24.3432,0.0841,0.7462,0.0474,0.0905,0.165,0.2525,0.2054,0.0438,0.1917,0.2539,0.0878,0.0881
Mo,GBRV-1.X,14.0,30.0,30,196.0,0.0842,0.0814,0.1797,0.1456,0.1464,0.16,0.207,0.1865,0.2314,0.191,0.2011,0.1444
C,SG15,4.0,60.0,65,45.2548,0.0842,0.3025,0.089,0.0759,0.0911,0.3654,0.0997,0.049,0.1223,0.0377,0.0452,0.0719
V,SPMS,13.0,55.0,60,419.5163,0.0843,0.2955,0.0228,0.155,0.1453,0.2428,0.074,0.1671,0.2976,0.0416,0.1448,0.0597
P,DOJO-041-std,5.0,30.0,30,25.0,0.0846,0.0295,0.0895,0.0443,0.0357,0.1411,0.0123,0.101,0.3644,0.0092,0.06,0.0633
P,DOJO-041-str,5.0,30.0,30,25.0,0.0846,0.0295,0.0895,0.0443,0.0357,0.1411,0.0123,0.101,0.3644,0.0092,0.06,0.0633
Pt,SPMS,18.0,30.0,35,324.0,0.0863,0.0626,0.184,0.2129,0.2136,0.2398,0.1599,0.0832,0.2009,0.1922,0.0779,0.0963
Nb,PSL-PAW-v0.x,13.0,30.0,35,169.0,0.0877,0.0628,0.1098,0.0844,0.0843,0.2244,0.2091,0.2019,0.2572,0.1248,0.1988,0.1636
Ga,DOJO-041-std,13.0,75.0,75,668.0312,0.0883,0.4947,0.0853,0.011,0.0219,0.1365,0.071,0.1632,0.3567,0.0312,0.1825,0.0324
Se,GBRV-1.X,6.0,30.0,30,36.0,0.0887,0.0888,0.1531,0.185,0.2009,0.1404,0.1761,0.2239,0.1414,0.2036,0.2159,0.1991
Nb,PSL-PAW-v1-high,13.0,35.0,60,212.9643,0.0895,0.1148,0.1161,0.0915,0.0908,0.2287,0.212,0.2031,0.2581,0.1292,0.2003,0.1645
Al,SG15,11.0,60.0,65,342.2397,0.0899,0.3825,0.1292,0.2727,0.207,0.0745,0.0327,0.1874,0.1703,0.1993,0.169,0.2075
La,PSL-US-v1-high,11.0,50.0,55,260.3505,0.0901,0.2578,0.2872,0.1771,0.2889,0.0711,0.0299,0.0274,0.1669,0.0706,0.0277,0.0404
La,PSL-US-v1-high,21.0,200.0,200,7591.0474,0.0901,1.7578,0.2872,0.1771,0.2889,0.0711,0.0299,0.0274,0.1669,0.0706,0.0277,0.0404
Tl,SG15,13.0,30.0,30,169.0,0.0903,0.0672,0.1926,0.237,0.2312,0.0817,0.0485,0.0864,0.2824,0.1611,0.0544,0.0055
Cs,SPMS,9.0,35.0,35,102.0717,0.0911,0.0955,0.099,0.0781,0.0801,0.104,0.1086,0.1128,0.3742,0.1334,0.059,0.1807
Y,DOJO-041-std,11.0,60.0,65,342.2397,0.0936,0.3021,0.0959,0.0531,0.0532,0.3957,0.1075,0.0838,0.1104,0.0914,0.1009,0.0488
Cr,DOJO-041-std,14.0,80.0,80,853.5111,0.0951,0.5374,0.228,0.1593,0.1801,0.3483,0.0696,0.0889,0.1291,0.1401,0.0813,0.0248
Pt,GBRV-1.X,16.0,30.0,30,256.0,0.0964,0.0701,0.2097,0.2654,0.2613,0.1917,0.189,0.0792,0.0504,0.2058,0.0783,0.0857
Tl,JTH-1.1-std,13.0,55.0,120,419.5163,0.0972,0.3249,0.2021,0.1419,0.1296,0.2728,0.1581,0.1871,0.2049,0.1522,0.1392,0.259
Ge,DOJO-041-str,22.0,100.0,100,2945.5302,0.0978,0.7498,0.1264,0.2556,0.366,0.0604,0.031,0.0356,0.0697,0.0777,0.0555,0.0239
Sn,JTH-1.1-std,14.0,35.0,120,246.9882,0.0981,0.125,0.1211,0.1309,0.1637,0.021,0.0479,0.2559,0.3235,0.0111,0.2034,0.1769
Rb,PSL-PAW-v1-high,9.0,55.0,65,201.07,0.0987,0.2847,0.0363,0.0367,0.0354,0.045,0.0132,0.0294,0.412,0.0109,0.0266,0.0872
Pt,DOJO-041-std,18.0,70.0,70,1154.8091,0.0989,0.464,0.2438,0.2352,0.2388,0.2619,0.1424,0.0966,0.0881,0.2078,0.1042,0.1036
Mo,PSL-US-v1-high,14.0,40.0,55,301.7617,0.0995,0.1864,0.1694,0.1438,0.1447,0.2351,0.2317,0.1966,0.2671,0.1632,0.1946,0.1662
Y,SG15,11.0,35.0,35,152.4774,0.1002,0.0933,0.0728,0.027,0.0267,0.3617,0.1638,0.1677,0.2115,0.1365,0.196,0.1142
Al,PSL-US-v1-high,3.0,30.0,30,9.0,0.1011,0.0578,0.1074,0.132,0.1374,0.0807,0.0181,0.1466,0.3956,0.0677,0.2011,0.0223
Y,PSL-US-v1-high,11.0,35.0,35,152.4774,0.1013,0.0679,0.1294,0.0805,0.0828,0.4125,0.1415,0.1061,0.131,0.1297,0.1234,0.0682
Br,DOJO-041-std,7.0,35.0,120,61.7471,0.1014,0.1074,0.1527,0.1693,0.1749,0.1516,0.0858,0.035,0.394,0.1253,0.0482,0.0974
C,JTH-1.1-std,4.0,30.0,30,16.0,0.1027,0.0698,0.196,0.2412,0.2274,0.2307,0.0733,0.1045,0.3028,0.0702,0.1154,0.1411
Mo,SG15,14.0,30.0,30,196.0,0.1028,0.0535,0.0819,0.0057,0.0223,0.182,0.0661,0.1799,0.3948,0.0528,0.1509,0.1556
Ru,SPMS,16.0,35.0,40,322.5969,0.1041,0.0949,0.0984,0.1068,0.1245,0.1385,0.0449,0.1402,0.4233,0.0138,0.109,0.0613
Re,JTH-1.1-std,15.0,30.0,30,225.0,0.1042,0.0523,0.0542,0.0643,0.0623,0.0403,0.0338,0.1598,0.4106,0.0233,0.1923,0.1084
Mo,PSL-US-v0.x,14.0,35.0,40,246.9882,0.105,0.1452,0.1764,0.1554,0.1471,0.2089,0.2306,0.2065,0.2934,0.1665,0.2072,0.174
Cu,PSL-PAW-v1-low,11.0,50.0,50,260.3505,0.1051,0.2439,0.0964,0.069,0.0661,0.1754,0.0648,0.1472,0.4189,0.0297,0.1289,0.0233
Li,DOJO-041-std,3.0,65.0,70,28.7032,0.1054,0.4176,0.0763,0.0736,0.088,0.0548,0.1729,0.1181,0.3651,0.2669,0.1851,0.0532
Ag,SPMS,19.0,35.0,35,454.912,0.1061,0.1235,0.1444,0.0753,0.0962,0.1269,0.1731,0.208,0.3586,0.0575,0.2603,0.1173
B,PSL-US-v1-high,3.0,30.0,30,9.0,0.1065,0.062,0.2012,0.3431,0.2945,0.177,0.0909,0.0766,0.0979,0.1142,0.1052,0.0923
Nb,SG15,13.0,50.0,50,363.6301,0.1074,0.2829,0.1255,0.1247,0.1179,0.2542,0.2351,0.22,0.2892,0.1337,0.2156,0.1841
Na,DOJO-041-std,9.0,80.0,80,352.7265,0.1075,0.5724,0.112,0.0847,0.1124,0.2654,0.2317,0.174,0.2961,0.2382,0.1868,0.0548
B,PSL-PAW-v1-high,3.0,30.0,30,9.0,0.1088,0.0747,0.176,0.3517,0.2963,0.1262,0.1007,0.0838,0.1896,0.1391,0.1184,0.0772
Rb,PSL-US-v1-high,9.0,55.0,60,201.07,0.1091,0.2883,0.0165,0.045,0.0409,0.0034,0.0275,0.0149,0.445,0.0361,0.0165,0.0634
Ho,PSL-PAW-v1-high,31.0,150.0,150,10744.3066,0.1094,1.2635,0.191,0.3521,0.2765,0.2212,0.1429,0.0883,0.1085,0.0225,0.0851,0.0824
Ag,PSL-PAW-v1-high,19.0,80.0,90,1572.0281,0.111,0.5638,0.0636,0.0103,0.0498,0.0966,0.1299,0.2151,0.4159,0.0595,0.1951,0.118
Nb,PSL-US-v0.x,13.0,30.0,35,169.0,0.1134,0.0942,0.1544,0.1465,0.141,0.2744,0.2478,0.222,0.2712,0.1594,0.2205,0.1846
Tc,PSL-US-v1-high,15.0,200.0,200,3872.9833,0.1138,1.8068,0.2403,0.2054,0.1637,0.2079,0.2268,0.1884,0.2996,0.1821,0.1942,0.1611
Ir,GBRV-1.X,15.0,30.0,35,225.0,0.1143,0.043,0.0165,0.0469,0.0042,0.1064,0.1269,0.0623,0.4604,0.0551,0.0889,0.0607
Dy,PSL-PAW-v1-high,30.0,150.0,150,10062.3059,0.1152,1.2692,0.1706,0.3153,0.3793,0.0998,0.1578,0.086,0.0716,0.0759,0.0878,0.0815
In,JTH-1.1-std,13.0,120.0,120,1352.0,0.1156,0.9677,0.0344,0.1416,0.1581,0.0261,0.0614,0.1541,0.4447,0.0178,0.1383,0.1722
Ti,SPMS,12.0,45.0,50,264.5449,0.1159,0.1908,0.0984,0.0615,0.0744,0.3888,0.0383,0.1909,0.2987,0.1319,0.1454,0.0779
Ta,DOJO-041-str,27.0,200.0,200,12548.466,0.1182,1.786,0.252,0.2829,0.2805,0.254,0.2035,0.1081,0.0849,0.225,0.1224,0.0881
Al,PSL-US-v0.x,3.0,30.0,30,9.0,0.1188,0.1125,0.2077,0.2667,0.2716,0.205,0.2027,0.1651,0.2551,0.2215,0.1718,0.1505
Am,PSL-US-v1-high,17.0,40.0,60,444.9446,0.1189,0.1891,0.2363,0.0282,0.0786,0.0156,0.3873,0.1927,0.1132,0.1493,0.2577,0.1657
Nb,SPMS,13.0,45.0,50,310.4728,0.1196,0.2522,0.1343,0.1525,0.1464,0.2241,0.2487,0.2396,0.3241,0.1398,0.2366,0.1976
Bi,JTH-1.1-std,15.0,50.0,55,484.1229,0.1199,0.2877,0.1472,0.1055,0.0965,0.2015,0.1782,0.2219,0.4,0.1459,0.1892,0.2011
Mg,SPMS,10.0,50.0,50,215.1657,0.1203,0.2642,0.0841,0.0904,0.0983,0.056,0.2198,0.1031,0.4502,0.0492,0.1852,0.1192
Zn,PSL-PAW-v1-low,12.0,55.0,60,357.4577,0.1204,0.3309,0.2241,0.3524,0.3201,0.184,0.1369,0.0169,0.1949,0.0911,0.0417,0.0066
Ru,PSL-US-v1-high,16.0,40.0,55,394.1378,0.1217,0.2073,0.2104,0.2053,0.1734,0.1861,0.2096,0.2007,0.3746,0.1467,0.2031,0.1416
Ar,PSL-US-v1-low,8.0,100.0,120,389.4916,0.1229,0.7898,0.3041,0.3049,0.2266,0.2017,0.0574,0.1121,0.1719,0.2888,0.0946,0.0462
La,DOJO-041-std,11.0,80.0,90,526.9125,0.1241,0.5647,0.2708,0.1073,0.1203,0.4013,0.1692,0.139,0.1404,0.2474,0.1446,0.1429
Bi,GBRV-1.X,15.0,40.0,65,346.4102,0.1243,0.177,0.3059,0.261,0.26,0.3202,0.1622,0.0781,0.0565,0.1902,0.1138,0.0902
Am,PSL-PAW-v1-high,17.0,200.0,200,4974.6319,0.1269,1.7962,0.2096,0.0319,0.032,0.0282,0.4061,0.204,0.1119,0.1932,0.2777,0.1635
Rb,DOJO-050-std,9.0,200.0,200,1394.274,0.1273,1.7493,0.0298,0.0209,0.0221,0.039,0.0556,0.0824,0.5001,0.0524,0.0749,0.1439
Nb,PSL-US-v1-high,13.0,35.0,60,212.9643,0.1274,0.1608,0.1726,0.1764,0.1678,0.2924,0.2664,0.232,0.28,0.1746,0.2308,0.1967
Ta,JTH-1.1-std,13.0,30.0,30,169.0,0.1278,0.1061,0.0242,0.0425,0.072,0.0896,0.2789,0.2792,0.317,0.184,0.2717,0.2245
As,SPMS,15.0,55.0,55,558.5276,0.1284,0.3423,0.158,0.1561,0.1784,0.1324,0.0833,0.249,0.4426,0.1385,0.1999,0.1083
Ge,DOJO-041-std,14.0,70.0,70,698.5882,0.1297,0.4738,0.0436,0.0278,0.0851,0.1086,0.0119,0.3013,0.4324,0.0349,0.2308,0.0618
Ag,PSL-US-v1-high,19.0,80.0,90,1572.0281,0.1321,0.5925,0.1275,0.1469,0.1782,0.221,0.167,0.2344,0.4399,0.0998,0.2082,0.1307
S,PSL-PAW-v1-high,6.0,30.0,30,36.0,0.1324,0.0465,0.014,0.0388,0.0314,0.0079,0.0143,0.0463,0.5188,0.0155,0.0227,0.0544
Al,SPMS,3.0,30.0,30,9.0,0.1345,0.1142,0.2322,0.3366,0.3312,0.1499,0.1111,0.1314,0.2521,0.2129,0.2203,0.0206
Cl,SPMS,7.0,35.0,75,61.7471,0.1355,0.1023,0.0687,0.1061,0.1019,0.0632,0.0244,0.1126,0.5278,0.0421,0.1228,0.0682
Se,DOJO-041-std,16.0,75.0,80,1011.9289,0.136,0.4978,0.0798,0.0658,0.0675,0.0658,0.0259,0.0684,0.53,0.033,0.0117,0.0082
Sn,SG15,14.0,35.0,40,246.9882,0.1368,0.1543,0.1986,0.2574,0.2471,0.0136,0.0922,0.1544,0.4188,0.2622,0.0731,0.0785
Sb,SG15,15.0,40.0,45,346.4102,0.1386,0.1858,0.0599,0.1184,0.1228,0.0742,0.0161,0.2649,0.4788,0.1551,0.2318,0.0899
Cs,PSL-PAW-v1-high,9.0,30.0,30,81.0,0.1387,0.1082,0.2358,0.1894,0.193,0.239,0.1722,0.0319,0.4192,0.1995,0.1221,0.2426
Al,GBRV-1.X,3.0,30.0,30,9.0,0.1388,0.0805,0.193,0.0679,0.02,0.2839,0.0306,0.2333,0.4333,0.1202,0.2448,0.0723
Ta,SG15,27.0,45.0,45,1339.2585,0.1388,0.2181,0.2264,0.1965,0.1357,0.4506,0.0845,0.1667,0.2687,0.1167,0.2005,0.1016
Al,PSL-PAW-v0.x,3.0,30.0,30,9.0,0.1389,0.1409,0.1464,0.2401,0.2406,0.119,0.2515,0.2635,0.3029,0.2329,0.2565,0.2341
Yb,PSL-PAW-v1-high,34.0,150.0,150,12924.4729,0.1409,1.2218,0.0564,0.2766,0.0467,0.5085,0.0711,0.0252,0.0273,0.1198,0.0314,0.0596
Bi,DOJO-041-str,23.0,70.0,75,1885.4753,0.1413,0.5215,0.1644,0.1802,0.1927,0.0745,0.1846,0.2364,0.4553,0.155,0.2116,0.2135
Ar,PSL-US-v0.x,8.0,75.0,75,252.9822,0.1415,0.5341,0.1159,0.1257,0.0592,0.0758,0.0877,0.2427,0.504,0.1563,0.2119,0.0335
Tc,SG15,15.0,30.0,30,225.0,0.1422,0.0746,0.1104,0.0572,0.0195,0.2857,0.0473,0.2234,0.4724,0.0677,0.1798,0.1854
Sr,JTH-1.1-std,10.0,30.0,30,100.0,0.1432,0.0877,0.0471,0.0426,0.0462,0.087,0.1434,0.158,0.2175,0.1494,0.5152,0.2054
Ag,DOJO-041-std,19.0,75.0,75,1426.9778,0.1432,0.5304,0.0262,0.0155,0.0433,0.1035,0.1292,0.2407,0.5124,0.0255,0.2171,0.1242
Mg,DOJO-041-std,10.0,200.0,200,1721.3259,0.1438,1.8303,0.1937,0.1954,0.2008,0.1651,0.3266,0.1995,0.3648,0.2598,0.2325,0.0806
In,DOJO-041-str,21.0,200.0,200,7591.0474,0.1447,1.8064,0.0916,0.1722,0.1337,0.1841,0.1514,0.2593,0.469,0.177,0.2559,0.1392
Ne,JTH-1.1-std,8.0,150.0,150,715.5418,0.145,1.3162,0.177,0.2129,0.202,0.2573,0.1783,0.2697,0.4077,0.1388,0.2592,0.0856
V,SG15,13.0,55.0,55,419.5163,0.1462,0.3532,0.0308,0.1718,0.1657,0.2024,0.1693,0.2816,0.4627,0.0186,0.2544,0.1235
Ir,PSL-PAW-v1-low,17.0,40.0,65,444.9446,0.1462,0.156,0.0218,0.0504,0.0539,0.3852,0.1688,0.0908,0.4525,0.1167,0.1111,0.1553
Ir,PSL-PAW-v1-low,9.0,30.0,30,81.0,0.1462,0.056,0.0218,0.0504,0.0539,0.3852,0.1688,0.0908,0.4525,0.1167,0.1111,0.1553
Eu,PSL-PAW-v1-high,27.0,200.0,200,12548.466,0.1475,1.8074,0.0685,0.4521,0.3463,0.1451,0.2346,0.1433,0.1357,0.1839,0.1294,0.1415
Ru,DOJO-041-std,16.0,200.0,200,4406.5944,0.1481,1.8277,0.2223,0.213,0.1778,0.2116,0.2244,0.2291,0.4441,0.1493,0.2288,0.1601
Ru,SG15,16.0,30.0,30,256.0,0.1488,0.082,0.078,0.0363,0.0394,0.1599,0.021,0.2367,0.5294,0.0592,0.1924,0.1792
Sc,JTH-1.1-std,11.0,30.0,30,121.0,0.1495,0.1132,0.0351,0.0162,0.0137,0.2041,0.2869,0.292,0.3976,0.1859,0.3058,0.1502
Au,DOJO-041-std,19.0,60.0,65,1021.0622,0.1515,0.4142,0.3086,0.3197,0.3147,0.3265,0.1776,0.1287,0.0945,0.2603,0.1417,0.177
Tm,PSL-PAW-v1-high,33.0,150.0,150,12175.3901,0.1522,1.2351,0.0732,0.2446,0.1014,0.5266,0.0589,0.0331,0.0557,0.2696,0.0258,0.0478
Sc,PSL-PAW-v0.x,11.0,55.0,60,300.3638,0.1537,0.3701,0.0758,0.0528,0.0519,0.2515,0.2951,0.2863,0.3509,0.246,0.3237,0.1787
O,PSL-US-v1-high,6.0,40.0,65,55.4256,0.154,0.2413,0.2527,0.1998,0.1894,0.2127,0.252,0.2027,0.4312,0.2027,0.2298,0.211
Cd,DOJO-041-str,20.0,200.0,200,6885.3037,0.1545,1.7765,0.1873,0.1949,0.2786,0.486,0.1262,0.1422,0.2905,0.134,0.1328,0.1024
W,GBRV-1.X,14.0,40.0,45,301.7617,0.1546,0.2051,0.1487,0.0527,0.0557,0.2433,0.2128,0.2773,0.462,0.1082,0.2985,0.138
Sc,PSL-US-v0.x,11.0,55.0,60,300.3638,0.1555,0.3717,0.0957,0.0734,0.0771,0.2596,0.3069,0.2844,0.3419,0.2579,0.3226,0.1814
Cl,PSL-PAW-v0.x,7.0,30.0,45,49.0,0.1557,0.1069,0.3271,0.3089,0.31,0.3704,0.1527,0.1141,0.0353,0.2211,0.1183,0.2097
O,PSL-US-v1-low,6.0,35.0,55,45.3652,0.1565,0.1935,0.254,0.2021,0.1903,0.2135,0.2534,0.2046,0.438,0.2046,0.231,0.2133
Rh,DOJO-041-std,17.0,75.0,75,1142.3728,0.1574,0.5762,0.2238,0.1967,0.1788,0.2406,0.2322,0.1985,0.4863,0.1515,0.2276,0.1403
Cu,PSL-PAW-v1-high,19.0,90.0,100,1875.811,0.1575,0.7207,0.3275,0.3134,0.3147,0.3512,0.1811,0.1552,0.2416,0.1825,0.1703,0.0896
Ge,SG15,14.0,40.0,40,301.7617,0.1576,0.1893,0.2931,0.2252,0.1619,0.2577,0.0222,0.1034,0.5081,0.1121,0.0389,0.0253
Al,DOJO-041-std,3.0,200.0,200,154.9193,0.1594,1.8254,0.2568,0.374,0.3595,0.152,0.2593,0.0859,0.0643,0.3395,0.0241,0.1395
Al,DOJO-041-str,3.0,200.0,200,154.9193,0.1594,1.8254,0.2568,0.374,0.3595,0.152,0.2593,0.0859,0.0643,0.3395,0.0241,0.1395
O,PSL-PAW-v1-low,6.0,35.0,55,45.3652,0.1607,0.1983,0.2616,0.2052,0.1972,0.2158,0.261,0.2087,0.4426,0.2087,0.2338,0.2153
Cl,PSL-US-v0.x,7.0,30.0,45,49.0,0.1618,0.1251,0.3258,0.3133,0.3148,0.3736,0.1516,0.159,0.1791,0.2246,0.1339,0.224
Os,SPMS,16.0,30.0,30,256.0,0.1619,0.0993,0.0233,0.0654,0.0279,0.022,0.1144,0.2648,0.5449,0.0321,0.2483,0.2213
Zn,GBRV-1.X,20.0,50.0,150,860.663,0.1627,0.3348,0.1517,0.107,0.1568,0.1427,0.3568,0.2871,0.4155,0.156,0.323,0.1594
In,PSL-US-v0.x,13.0,45.0,45,310.4728,0.1635,0.2427,0.0694,0.0473,0.0461,0.0446,0.0951,0.2646,0.5591,0.0841,0.2657,0.1452
Se,SPMS,16.0,55.0,55,635.4803,0.1663,0.3121,0.1135,0.0875,0.0814,0.109,0.0164,0.1204,0.6252,0.0249,0.0345,0.0386
As,DOJO-041-std,15.0,75.0,75,889.3906,0.1668,0.5173,0.041,0.0462,0.066,0.0258,0.0361,0.168,0.623,0.0519,0.1143,0.0488
Ga,DOJO-041-str,21.0,200.0,200,7591.0474,0.1677,1.7949,0.1839,0.3696,0.5473,0.1032,0.1176,0.0128,0.0836,0.1358,0.0136,0.0119
Cd,SPMS,20.0,40.0,40,615.8403,0.168,0.1955,0.108,0.1439,0.1522,0.125,0.0644,0.2364,0.5959,0.0323,0.2105,0.1127
Sb,SPMS,15.0,45.0,45,413.3514,0.1697,0.2525,0.0151,0.0206,0.0117,0.0208,0.0368,0.2681,0.5666,0.0388,0.2268,0.261
Pd,SG15,18.0,40.0,40,498.8306,0.1707,0.188,0.0563,0.0088,0.0133,0.1521,0.0381,0.23,0.6074,0.0119,0.2107,0.1435
Si,SG15,4.0,30.0,30,16.0,0.1725,0.097,0.2037,0.0466,0.0676,0.2882,0.0942,0.2665,0.5575,0.1291,0.2158,0.0662
Pa,PSL-US-v1-high,13.0,75.0,80,668.0312,0.1731,0.5863,0.1368,0.1089,0.0964,0.1912,0.401,0.3575,0.1801,0.1566,0.3944,0.2912
Kr,PSL-PAW-v1-high,18.0,150.0,150,3622.4301,0.1738,1.2909,0.0989,0.1242,0.0955,0.1498,0.0526,0.2278,0.6216,0.1652,0.1793,0.0229
Mg,PSL-US-v1-high,10.0,80.0,100,435.4648,0.1758,0.6578,0.3123,0.3423,0.308,0.2774,0.3143,0.1749,0.2979,0.2763,0.1945,0.0687
Ar,PSL-PAW-v0.x,8.0,75.0,75,252.9822,0.1764,0.5424,0.0149,0.0203,0.0474,0.0211,0.1058,0.2691,0.6124,0.1036,0.2409,0.0393
Sr,SPMS,10.0,30.0,30,100.0,0.1767,0.1021,0.3614,0.2809,0.2955,0.4929,0.1817,0.1306,0.0643,0.1837,0.1324,0.1529
Co,PSL-US-v1-low,9.0,30.0,50,81.0,0.1779,0.1182,0.3868,0.2075,0.2471,0.2746,0.1111,0.0814,0.5016,0.194,0.116,0.0313
P,PSL-US-v0.x,5.0,30.0,30,25.0,0.1804,0.1222,0.2297,0.3153,0.3388,0.4883,0.1839,0.2059,0.0638,0.2334,0.191,0.2014
Ag,SG15,19.0,45.0,45,663.1993,0.1805,0.2851,0.1367,0.2771,0.2326,0.1136,0.0504,0.2301,0.5801,0.2128,0.2195,0.1266
Rb,GBRV-1.X,9.0,30.0,30,81.0,0.1812,0.0722,0.0476,0.0314,0.0337,0.0594,0.0918,0.1092,0.6685,0.0819,0.1004,0.1719
O,JTH-1.1-std,6.0,35.0,60,45.3652,0.1819,0.2183,0.2588,0.2279,0.2143,0.2476,0.2593,0.233,0.4829,0.233,0.2623,0.2435
Pb,DOJO-041-str,22.0,70.0,75,1725.0852,0.182,0.5424,0.1447,0.1401,0.1538,0.0524,0.1757,0.3089,0.5475,0.1294,0.2635,0.3181
Ge,PSL-PAW-v1-high,14.0,55.0,60,486.5396,0.1833,0.3532,0.0233,0.0293,0.0338,0.0151,0.0528,0.3559,0.5885,0.0363,0.2787,0.1061
Rh,SG15,17.0,30.0,30,289.0,0.1839,0.1108,0.028,0.0385,0.0914,0.0428,0.0322,0.2359,0.5871,0.023,0.3663,0.2075
Sr,PSL-PAW-v0.x,10.0,30.0,40,100.0,0.1839,0.1472,0.0163,0.0115,0.0133,0.0278,0.2658,0.3067,0.5028,0.3075,0.3178,0.2238
Tl,SPMS,13.0,30.0,30,169.0,0.1847,0.1033,0.166,0.2416,0.2405,0.0785,0.1015,0.0993,0.6436,0.1362,0.0085,0.0118
Pd,DOJO-041-std,18.0,200.0,200,5577.096,0.1861,1.8339,0.2301,0.3948,0.3421,0.2116,0.1182,0.1398,0.505,0.1754,0.0879,0.0216
Ge,PSL-US-v1-high,14.0,55.0,60,486.5396,0.1885,0.3535,0.0239,0.0334,0.0316,0.028,0.0637,0.3415,0.6165,0.0471,0.2737,0.0927
Sr,PSL-US-v0.x,10.0,30.0,40,100.0,0.1887,0.1515,0.0431,0.0022,0.0054,0.0205,0.2718,0.3099,0.5093,0.3238,0.3204,0.2279
Ga,SG15,13.0,120.0,120,1352.0,0.1889,1.013,0.1516,0.0151,0.0332,0.2124,0.1366,0.2954,0.5991,0.0326,0.3296,0.1051
Th,PSL-PAW-v1-high,12.0,70.0,75,513.2485,0.1891,0.5629,0.2649,0.2658,0.2199,0.3769,0.3323,0.3196,0.0545,0.2959,0.3266,0.2408
Be,GBRV-1.X,4.0,35.0,35,20.1623,0.1892,0.1713,0.3322,0.4647,0.4719,0.259,0.1431,0.0514,0.1744,0.1055,0.0844,0.0145
Co,PSL-PAW-v1-low,9.0,45.0,50,148.8065,0.1901,0.2826,0.3621,0.239,0.2468,0.2827,0.1497,0.0758,0.5524,0.194,0.1493,0.0405
Pr,PSL-PAW-v1-high,23.0,200.0,200,9105.8142,0.1927,1.8204,0.3377,0.5715,0.393,0.1058,0.0815,0.0281,0.1814,0.0698,0.0495,0.038
Cs,DOJO-041-std,9.0,55.0,55,201.07,0.1935,0.3426,0.096,0.0769,0.0789,0.1009,0.1284,0.0567,0.6901,0.161,0.107,0.2467
Pb,SPMS,14.0,30.0,30,196.0,0.1957,0.1287,0.1054,0.1136,0.1419,0.0741,0.2105,0.3234,0.6238,0.0696,0.3087,0.131
Mg,SG15,10.0,70.0,80,356.4226,0.1969,0.5473,0.1524,0.1713,0.1917,0.1994,0.3863,0.1752,0.592,0.1539,0.2659,0.1372
Sn,DOJO-041-str,22.0,90.0,90,2514.9378,0.1979,0.7865,0.2941,0.33,0.2443,0.326,0.1659,0.339,0.3412,0.2942,0.3257,0.244
Np,PSL-US-v1-high,15.0,80.0,120,979.7959,0.2015,0.6467,0.1122,0.1337,0.0545,0.4196,0.4402,0.3025,0.2723,0.2395,0.3751,0.2446
Mn,PSL-US-v1-high,15.0,200.0,200,3872.9833,0.2016,1.8813,0.3977,0.3324,0.3516,0.3322,0.2217,0.2019,0.3368,0.3154,0.2293,0.1443
He,JTH-1.1-std,2.0,100.0,100,24.3432,0.202,0.8227,0.0515,0.0268,0.0492,0.0558,0.2964,0.1627,0.6709,0.205,0.269,0.056
Br,PSL-PAW-v1-high,17.0,80.0,120,1258.4934,0.2025,0.5912,0.0272,0.0414,0.056,0.0335,0.071,0.2188,0.7246,0.0839,0.1771,0.0507
Ge,SPMS,14.0,45.0,45,360.075,0.2025,0.2541,0.0438,0.058,0.1104,0.0774,0.1142,0.2751,0.7095,0.12,0.1811,0.1265
P,PSL-PAW-v0.x,5.0,30.0,30,25.0,0.2039,0.1328,0.3001,0.3456,0.3597,0.546,0.2026,0.1784,0.1117,0.2406,0.1843,0.1723
Ni,SPMS,18.0,60.0,60,916.4104,0.2046,0.4084,0.1383,0.0683,0.0669,0.0972,0.5423,0.1213,0.0953,0.5704,0.1034,0.0801
S,PSL-US-v1-low,6.0,35.0,35,45.3652,0.2077,0.1778,0.2376,0.2453,0.2366,0.2048,0.0832,0.1319,0.6958,0.1404,0.1627,0.0122
In,PSL-PAW-v0.x,13.0,45.0,45,310.4728,0.2081,0.2822,0.0483,0.0323,0.0303,0.0444,0.1329,0.3495,0.6345,0.0983,0.3712,0.2019
Nd,PSL-US-v1-high,24.0,200.0,200,9914.8374,0.2098,1.8137,0.1231,0.3631,0.6866,0.1614,0.0765,0.0241,0.2502,0.0403,0.0427,0.0373
Ga,SPMS,13.0,60.0,60,478.0042,0.2105,0.446,0.2803,0.1543,0.1629,0.3535,0.1689,0.3023,0.5829,0.0715,0.3459,0.1162
Pa,PSL-PAW-v1-high,13.0,75.0,80,668.0312,0.2107,0.6214,0.1334,0.1709,0.1729,0.3691,0.4312,0.3797,0.1872,0.2395,0.4167,0.3112
Cr,PSL-PAW-v1-high,14.0,45.0,70,360.075,0.2117,0.3499,0.3466,0.3784,0.3427,0.3019,0.2731,0.2351,0.4011,0.3082,0.2586,0.1551
Be,SG15,4.0,40.0,45,24.6336,0.2132,0.2313,0.4093,0.507,0.4819,0.3006,0.0274,0.091,0.0382,0.0537,0.0924,0.1831
Na,PSL-PAW-v1-high,9.0,80.0,120,352.7265,0.2138,0.6981,0.3006,0.2766,0.275,0.293,0.3284,0.289,0.4455,0.3597,0.3079,0.0945
Cu,GBRV-1.X,19.0,35.0,120,454.912,0.2139,0.2532,0.3218,0.3297,0.3273,0.3161,0.3859,0.2502,0.3133,0.3576,0.2979,0.1448
Ir,JTH-1.1-std,15.0,30.0,30,225.0,0.215,0.1238,0.1788,0.1399,0.1643,0.2374,0.0679,0.1721,0.719,0.1196,0.3062,0.1141
Hg,GBRV-1.X,12.0,120.0,120,1152.0,0.2162,1.0935,0.397,0.3964,0.2627,0.3091,0.4463,0.266,0.2104,0.1822,0.3285,0.1521
Be,DOJO-041-str,4.0,90.0,100,83.1384,0.2168,0.7504,0.3709,0.5097,0.5132,0.2705,0.187,0.0558,0.2446,0.1213,0.1069,0.0281
Ti,SG15,12.0,40.0,45,221.7025,0.2169,0.2027,0.1684,0.0937,0.1149,0.6233,0.1142,0.3223,0.4313,0.149,0.2619,0.1626
Ca,SPMS,10.0,30.0,30,100.0,0.2174,0.1389,0.5807,0.3725,0.3167,0.305,0.0531,0.0317,0.0273,0.3798,0.0267,0.0413
Br,PSL-US-v1-high,17.0,80.0,120,1258.4934,0.2189,0.6027,0.0112,0.0161,0.0471,0.0171,0.0712,0.264,0.7657,0.0769,0.1949,0.0724
Co,SPMS,17.0,50.0,55,621.829,0.219,0.3197,0.3427,0.1457,0.0925,0.3878,0.3239,0.1194,0.0654,0.6338,0.1122,0.0687
Zn,PSL-PAW-v1-high,20.0,90.0,100,2078.461,0.2252,0.7587,0.416,0.3938,0.4193,0.4912,0.1694,0.1451,0.3084,0.1967,0.1795,0.1
Br,SPMS,7.0,30.0,30,49.0,0.2273,0.099,0.1183,0.1269,0.1252,0.1137,0.0406,0.1604,0.8134,0.0663,0.1468,0.0216
Tl,DOJO-041-str,21.0,75.0,75,1743.2056,0.2295,0.6308,0.1923,0.111,0.1408,0.0608,0.2307,0.3553,0.6628,0.1562,0.3319,0.346
Ba,SG15,10.0,40.0,40,153.9601,0.2321,0.1884,0.1162,0.0936,0.0939,0.0606,0.0823,0.0252,0.833,0.1323,0.0378,0.1137
Hf,SG15,26.0,50.0,55,1454.5204,0.2327,0.336,0.4963,0.3729,0.292,0.4996,0.1274,0.0366,0.0743,0.4356,0.0476,0.0594
W,SG15,28.0,40.0,45,1207.047,0.2328,0.2631,0.0813,0.0098,0.0755,0.1621,0.2561,0.3941,0.6321,0.0602,0.4571,0.2283
Se,SG15,6.0,30.0,30,36.0,0.2353,0.0953,0.0751,0.1276,0.146,0.0486,0.1114,0.1167,0.8417,0.1143,0.0649,0.0139
C,DOJO-041-std,4.0,65.0,65,51.028,0.2368,0.5418,0.4332,0.5043,0.4654,0.0524,0.1541,0.194,0.4629,0.1165,0.196,0.0423
Ir,PSL-US-v1-low,17.0,40.0,65,444.9446,0.237,0.2739,0.3408,0.3855,0.439,0.0472,0.1092,0.1173,0.6486,0.1174,0.1546,0.1529
Ir,PSL-US-v1-low,9.0,30.0,30,81.0,0.237,0.1739,0.3408,0.3855,0.439,0.0472,0.1092,0.1173,0.6486,0.1174,0.1546,0.1529
Sn,SPMS,14.0,35.0,35,246.9882,0.2372,0.2629,0.2484,0.2687,0.2502,0.1446,0.2161,0.3879,0.1097,0.2981,0.5505,0.4862
Sb,GBRV-1.X,15.0,35.0,35,283.5324,0.241,0.2137,0.0769,0.1454,0.1456,0.0433,0.1097,0.3181,0.7604,0.1881,0.2663,0.3396
Be,JTH-1.1-std,4.0,35.0,60,20.1623,0.2436,0.2763,0.4001,0.4369,0.4286,0.2693,0.4424,0.2841,0.2422,0.2848,0.3179,0.0946
In,DOJO-041-std,13.0,60.0,65,478.0042,0.2447,0.4663,0.1233,0.1461,0.1415,0.0586,0.1232,0.4109,0.7275,0.0224,0.3937,0.2302
C,SPMS,4.0,65.0,70,51.028,0.2452,0.5494,0.4503,0.5184,0.4778,0.0715,0.1577,0.1981,0.4706,0.1218,0.2003,0.0398
Cd,SG15,20.0,35.0,35,504.0576,0.2458,0.2445,0.4295,0.4632,0.4428,0.4591,0.1001,0.2779,0.2678,0.3085,0.2048,0.1554
Gd,PSL-PAW-v1-high,28.0,150.0,150,8765.3865,0.2472,1.3517,0.802,0.2992,0.355,0.0659,0.2052,0.1266,0.1301,0.1106,0.1155,0.121
Np,PSL-PAW-v1-high,15.0,80.0,120,979.7959,0.2474,0.7001,0.1901,0.1904,0.1369,0.4693,0.5063,0.3613,0.3217,0.2727,0.4292,0.2927
Ti,JTH-1.1-std,12.0,30.0,30,144.0,0.2476,0.234,0.3537,0.3566,0.3664,0.3847,0.4377,0.2958,0.2546,0.4013,0.3259,0.2137
Au,PSL-US-v1-low,11.0,30.0,35,121.0,0.2494,0.2275,0.373,0.3637,0.3506,0.4265,0.2418,0.2697,0.4963,0.3049,0.2748,0.2729
Au,PSL-US-v1-low,19.0,55.0,75,896.1266,0.2494,0.4775,0.373,0.3637,0.3506,0.4265,0.2418,0.2697,0.4963,0.3049,0.2748,0.2729
Tl,PSL-US-v1-high,13.0,70.0,100,602.3541,0.251,0.5442,0.1317,0.1009,0.0934,0.1567,0.1084,0.3633,0.8093,0.0572,0.3231,0.1611
Cu,SG15,19.0,75.0,75,1426.9778,0.2521,0.6055,0.3975,0.0855,0.3838,0.5907,0.0458,0.2043,0.5146,0.1327,0.2904,0.176
Au,GBRV-1.X,11.0,30.0,30,121.0,0.2532,0.1579,0.2046,0.2984,0.3043,0.0773,0.1661,0.0654,0.8284,0.2188,0.0863,0.0395
Tl,PSL-PAW-v1-high,13.0,70.0,100,602.3541,0.2568,0.5462,0.131,0.1052,0.097,0.1553,0.1008,0.3628,0.8308,0.0429,0.3189,0.1663
Sc,SG15,11.0,35.0,35,152.4774,0.2615,0.1675,0.0593,0.1368,0.1184,0.7709,0.1886,0.3494,0.3941,0.0727,0.3451,0.2248
P,PSL-PAW-v1-low,5.0,35.0,35,31.5036,0.264,0.2375,0.3676,0.3842,0.3889,0.5152,0.0772,0.2312,0.5974,0.2008,0.2177,0.0675
Au,PSL-PAW-v1-low,11.0,30.0,35,121.0,0.2652,0.2412,0.3935,0.3854,0.3696,0.4503,0.2485,0.2756,0.5173,0.3175,0.2785,0.2846
Au,PSL-PAW-v1-low,19.0,55.0,75,896.1266,0.2652,0.4912,0.3935,0.3854,0.3696,0.4503,0.2485,0.2756,0.5173,0.3175,0.2785,0.2846
Cl,JTH-1.1-std,7.0,30.0,30,49.0,0.266,0.1476,0.1305,0.1332,0.1395,0.125,0.1577,0.2886,0.898,0.116,0.2653,0.0455
Pu,PSL-US-v1-high,16.0,40.0,55,394.1378,0.2677,0.2942,0.7112,0.3196,0.4075,0.3571,0.4128,0.1555,0.0647,0.0509,0.267,0.1741
Y,SPMS,11.0,30.0,30,121.0,0.2698,0.1968,0.1314,0.0699,0.0668,0.5421,0.3862,0.4051,0.4798,0.2993,0.4565,0.3129
P,PSL-US-v1-low,5.0,35.0,35,31.5036,0.2737,0.2451,0.378,0.3912,0.3947,0.5212,0.0873,0.2329,0.6275,0.2066,0.225,0.0601
Rh,GBRV-1.X,15.0,35.0,40,283.5324,0.2753,0.2674,0.2922,0.2197,0.2298,0.3016,0.2625,0.2938,0.8128,0.2084,0.3332,0.2043
Na,PSL-US-v1-high,9.0,80.0,120,352.7265,0.2762,0.7388,0.3709,0.3202,0.3671,0.5184,0.3762,0.3123,0.462,0.3942,0.3351,0.1112
Hg,DOJO-041-str,20.0,80.0,80,1741.8594,0.2787,0.6664,0.4045,0.4665,0.5785,0.6414,0.1626,0.136,0.1165,0.2272,0.1438,0.1626
Na,PSL-US-v0.x,9.0,50.0,55,174.2843,0.2851,0.4436,0.1865,0.1643,0.1609,0.0378,0.4089,0.4098,0.6701,0.5007,0.4441,0.1469
Hf,SPMS,12.0,30.0,30,144.0,0.2854,0.2183,0.0998,0.0658,0.0563,0.1861,0.485,0.5713,0.5142,0.1062,0.5631,0.3253
Ge,PSL-US-v0.x,14.0,45.0,50,360.075,0.2867,0.325,0.0278,0.032,0.0482,0.0263,0.0868,0.5416,0.8202,0.079,0.4139,0.1995
S,PSL-US-v0.x,6.0,30.0,30,36.0,0.2906,0.2277,0.4741,0.4434,0.4632,0.6065,0.2279,0.3374,0.0958,0.3509,0.2753,0.2773
B,SG15,3.0,35.0,35,11.3413,0.2908,0.2337,0.4008,0.198,0.0642,0.7254,0.2694,0.2968,0.5198,0.3133,0.3554,0.0475
Tl,DOJO-041-std,13.0,50.0,50,363.6301,0.292,0.4063,0.3447,0.3309,0.3252,0.3238,0.0196,0.3156,0.8563,0.1382,0.2358,0.1098
In,SPMS,13.0,35.0,35,212.9643,0.2944,0.2531,0.167,0.0634,0.0625,0.3128,0.22,0.4572,0.8269,0.1481,0.4397,0.2691
Li,SG15,3.0,55.0,60,22.3411,0.2949,0.4706,0.1384,0.1254,0.1252,0.113,0.373,0.2729,0.7634,0.5715,0.416,0.0343
Sb,DOJO-041-str,23.0,90.0,90,2748.7646,0.2956,0.8586,0.2776,0.3367,0.2499,0.3592,0.1914,0.3538,0.7515,0.3667,0.3105,0.3894
U,PSL-PAW-v1-high,14.0,80.0,120,853.5111,0.296,0.757,0.3264,0.2855,0.2139,0.5598,0.4982,0.4014,0.4285,0.2755,0.4527,0.3313
S,PSL-PAW-v0.x,6.0,30.0,30,36.0,0.2974,0.2345,0.503,0.456,0.4712,0.6361,0.2408,0.2784,0.2167,0.3457,0.2548,0.2436
La,SG15,11.0,200.0,200,2082.8044,0.2987,1.8711,0.7083,0.2318,0.3363,0.6494,0.1781,0.1207,0.0472,0.4666,0.1764,0.1218
Ge,PSL-PAW-v0.x,14.0,45.0,50,360.075,0.2993,0.3327,0.0298,0.0402,0.0339,0.0211,0.0898,0.5575,0.8545,0.0812,0.4247,0.2075
Tl,PSL-US-v0.x,13.0,40.0,60,260.1925,0.3014,0.2913,0.2011,0.1738,0.1657,0.232,0.0864,0.3976,0.9438,0.0227,0.3491,0.1905
Kr,PSL-US-v1-high,18.0,120.0,150,2592.0,0.3027,1.133,0.2466,0.5564,0.3625,0.254,0.1527,0.3454,0.8032,0.1363,0.2871,0.1068
S,PSL-PAW-v1-low,6.0,35.0,35,45.3652,0.303,0.2164,0.234,0.2485,0.2418,0.2038,0.085,0.1442,1.0158,0.1457,0.1672,0.0248
He,SPMS,2.0,80.0,80,17.4186,0.3032,0.7077,0.5894,0.4889,0.5129,0.3529,0.1181,0.0344,0.0798,0.6419,0.0154,0.1179
Fe,PSL-US-v1-low,8.0,30.0,45,64.0,0.3058,0.2065,0.2721,0.1646,0.1935,0.1373,0.2107,0.2413,0.9804,0.2467,0.3496,0.0343
He,DOJO-041-std,2.0,80.0,80,17.4186,0.3068,0.7113,0.5821,0.5076,0.5133,0.3526,0.1235,0.0475,0.0489,0.6539,0.0393,0.1217
Tl,PSL-PAW-v0.x,13.0,40.0,60,260.1925,0.3074,0.2995,0.2158,0.1832,0.1752,0.2495,0.0982,0.4132,0.9496,0.0209,0.3583,0.2001
Lu,Wentzcovitch,25.0,35.0,60,787.59,0.3092,0.2637,0.1268,0.1494,0.0736,0.3595,0.3708,0.3924,0.8983,0.2463,0.3426,0.197
Sb,JTH-1.1-std,15.0,30.0,35,225.0,0.3093,0.2005,0.0545,0.0537,0.0543,0.0856,0.1946,0.3995,0.9558,0.1618,0.3319,0.3605
Tc,SPMS,15.0,30.0,30,225.0,0.3099,0.2033,0.3217,0.096,0.0904,0.616,0.1967,0.4245,0.7119,0.1214,0.3423,0.4108
Fe,SPMS,16.0,50.0,50,550.8243,0.3101,0.3734,0.5044,0.0826,0.0988,0.7775,0.1033,0.3263,0.3661,0.5371,0.236,0.1868
Ru,JTH-1.1-std,16.0,30.0,30,256.0,0.3105,0.243,0.2385,0.0692,0.065,0.3631,0.4268,0.413,0.785,0.2795,0.4762,0.2681
Ti,PSL-PAW-v1-high,12.0,50.0,55,309.8387,0.3125,0.5055,0.3998,0.3805,0.3979,0.4145,0.4508,0.3879,0.5072,0.4507,0.4171,0.2578
Bi,SG15,15.0,35.0,35,283.5324,0.3139,0.2453,0.1337,0.1653,0.1782,0.0453,0.0546,0.3879,1.0003,0.0679,0.3372,0.2553
Se,PSL-US-v1-high,16.0,80.0,150,1114.79,0.3263,0.637,0.0512,0.0908,0.0814,0.0533,0.0721,0.2172,1.1225,0.1054,0.173,0.1145
Se,PSL-PAW-v1-high,16.0,80.0,80,1114.79,0.3264,0.6385,0.0522,0.0952,0.1055,0.0715,0.0757,0.2155,1.1227,0.111,0.1756,0.1159
Cd,PSL-US-v0.x,12.0,55.0,75,357.4577,0.3286,0.5189,0.1628,0.2522,0.2228,0.1583,0.5433,0.3677,0.8939,0.1902,0.4102,0.2769
Xe,DOJO-050-std,8.0,200.0,200,1101.6486,0.3319,1.9702,0.4843,0.574,0.5661,0.5301,0.2528,0.1935,0.5634,0.356,0.1222,0.2198
Pt,SG15,18.0,40.0,40,498.8306,0.3338,0.3877,0.5211,0.5625,0.5467,0.5662,0.3584,0.2262,0.3415,0.4554,0.2467,0.2308
Be,DOJO-041-std,4.0,75.0,75,63.2456,0.3342,0.6813,0.5064,0.7273,0.7378,0.3877,0.2277,0.0565,0.3248,0.1328,0.1253,0.0702
Pu,MARBURG,16.0,200.0,200,4406.5944,0.3356,1.8749,0.757,0.359,0.2728,0.8374,0.1869,0.1862,0.2493,0.2212,0.142,0.0517
Cd,PSL-PAW-v0.x,12.0,55.0,55,357.4577,0.3358,0.4877,0.0611,0.1337,0.1111,0.0672,0.4072,0.4146,0.9886,0.1814,0.4242,0.2782
Fe,PSL-US-v1-high,16.0,200.0,200,4406.5944,0.3384,2.0067,0.5511,0.4342,0.4707,0.558,0.4133,0.3164,0.4884,0.4367,0.3541,0.1956
Re,PSL-US-v1-low,15.0,45.0,50,413.3514,0.3402,0.4946,0.4139,0.4364,0.3826,0.3521,0.495,0.4636,0.5411,0.3926,0.4889,0.387
Ag,GBRV-1.X,19.0,75.0,100,1426.9778,0.3404,0.7142,0.2464,0.1739,0.2104,0.3363,0.3036,0.4838,0.9441,0.1833,0.45,0.2821
In,SG15,13.0,60.0,65,478.0042,0.342,0.5513,0.2255,0.1172,0.116,0.3594,0.2746,0.5156,0.9259,0.1879,0.4823,0.317
U,PSL-US-v1-high,14.0,80.0,120,853.5111,0.343,0.7984,0.6086,0.1351,0.1171,0.1449,0.536,0.4521,0.6,0.0355,0.5183,0.5182
Hf,DOJO-041-std,12.0,200.0,200,2478.7093,0.3444,1.9738,0.2339,0.1532,0.0814,0.3805,0.4614,0.6746,0.5752,0.0061,0.6456,0.4205
Pb,GBRV-1.X,14.0,30.0,30,196.0,0.3457,0.3204,0.3862,0.3444,0.3414,0.4497,0.3141,0.4578,0.7574,0.3251,0.4191,0.4382
Re,PSL-PAW-v1-low,15.0,45.0,50,413.3514,0.346,0.5003,0.4203,0.4428,0.3905,0.3599,0.5014,0.4662,0.5505,0.3989,0.4906,0.3915
Ag,JTH-1.1-std,11.0,30.0,30,121.0,0.3482,0.2459,0.2226,0.149,0.1889,0.3305,0.216,0.5125,1.0075,0.1276,0.4002,0.2884
In,PSL-PAW-v1-high,13.0,60.0,80,478.0042,0.3505,0.5872,0.1414,0.1915,0.1965,0.1045,0.3037,0.5635,0.8853,0.247,0.5983,0.3574
Ti,PSL-US-v1-high,12.0,50.0,55,309.8387,0.3509,0.5424,0.4626,0.4692,0.4763,0.4672,0.4883,0.3932,0.4948,0.496,0.4285,0.2732
Hg,PSL-US-v1-high,20.0,150.0,150,4472.136,0.3512,1.4908,0.3017,0.1748,0.1514,0.2191,0.3076,0.4808,0.9604,0.33,0.4397,0.371
As,PSL-PAW-v1-high,15.0,55.0,60,558.5276,0.3547,0.465,0.144,0.1775,0.1883,0.1211,0.1481,0.369,1.1582,0.1919,0.2815,0.1765
Ge,JTH-1.1-std,14.0,40.0,45,301.7617,0.3568,0.4377,0.5339,0.5616,0.4973,0.2819,0.2462,0.5794,0.1764,0.2981,0.6377,0.4088
Rh,JTH-1.1-std,17.0,30.0,30,289.0,0.3577,0.3096,0.5825,0.6177,0.6407,0.5218,0.4075,0.2595,0.3442,0.424,0.1763,0.2339
In,PSL-US-v1-high,13.0,60.0,80,478.0042,0.3656,0.6005,0.1543,0.2032,0.2087,0.1171,0.3096,0.5764,0.9301,0.2539,0.6112,0.3572
Ga,PSL-US-v0.x,13.0,45.0,50,310.4728,0.3697,0.4736,0.2642,0.2879,0.2904,0.1946,0.3597,0.594,0.8816,0.1948,0.6339,0.3061
Zr,SPMS,12.0,30.0,30,144.0,0.3721,0.3211,0.1792,0.1817,0.2056,0.4284,0.5509,0.6565,0.6631,0.2838,0.6087,0.4604
Br,GBRV-1.X,7.0,30.0,90,49.0,0.3723,0.176,0.0211,0.0234,0.0404,0.0387,0.0765,0.3468,1.2382,0.0979,0.2703,0.129
Co,JTH-1.1-std,17.0,40.0,40,444.9446,0.3778,0.4145,0.4728,0.4821,0.5046,0.6993,0.3434,0.3108,0.6849,0.332,0.4409,0.1588
Ni,PSL-PAW-v0.x,10.0,45.0,50,183.7117,0.3782,0.4649,0.4951,0.3786,0.3752,0.6009,0.4087,0.3378,0.849,0.3686,0.3899,0.1314
Ni,PSL-PAW-v1-low,10.0,45.0,50,183.7117,0.3782,0.4649,0.4951,0.3786,0.3752,0.6009,0.4087,0.3378,0.849,0.3686,0.3899,0.1314
I,DOJO-050-std,7.0,60.0,60,138.5929,0.3813,0.6671,0.3624,0.3928,0.4211,0.3716,0.3652,0.5478,0.8232,0.4063,0.4526,0.4328
Ce,PSL-US-v1-high,22.0,200.0,200,8331.2175,0.39,1.9431,0.7065,0.9569,0.7357,0.2047,0.0077,0.0244,0.1438,0.1447,0.015,0.0044
Ba,SPMS,10.0,30.0,30,100.0,0.3907,0.1773,0.1679,0.1518,0.1297,0.1404,0.1703,0.0595,1.3247,0.1862,0.0998,0.1651
As,PSL-US-v1-high,15.0,55.0,60,558.5276,0.391,0.478,0.1531,0.1758,0.177,0.1193,0.1423,0.3778,1.2784,0.1915,0.2797,0.1769
S,SG15,6.0,45.0,45,66.1362,0.3925,0.4428,0.4813,0.464,0.4557,0.4699,0.1297,0.2985,1.0461,0.2937,0.2624,0.1041
V,PSL-PAW-v1-high,13.0,65.0,70,538.9827,0.397,0.7108,0.5295,0.5034,0.4845,0.6803,0.4829,0.3869,0.5539,0.5227,0.4239,0.2595
Cd,DOJO-041-std,20.0,90.0,90,2078.461,0.3988,0.8679,0.49,0.5314,0.6411,0.963,0.2547,0.2445,0.4146,0.31,0.2363,0.1886
Sn,PSL-PAW-v1-high,14.0,70.0,100,698.5882,0.3993,0.7333,0.1836,0.2088,0.204,0.0547,0.2156,0.7468,0.874,0.278,0.6762,0.5129
Hg,DOJO-041-std,20.0,60.0,65,1131.3708,0.4002,0.5388,0.5195,0.643,0.8267,0.8462,0.1833,0.1537,0.1234,0.2599,0.161,0.1789
Pb,PSL-PAW-v1-high,14.0,70.0,70,698.5882,0.4037,0.6583,0.0495,0.0215,0.0423,0.1136,0.113,0.6496,1.1518,0.1498,0.443,0.4179
Pm,PSL-US-v1-high,25.0,150.0,150,6987.7124,0.4062,1.42,0.2826,0.8463,1.1292,0.0818,0.0922,0.014,0.046,0.1221,0.0221,0.0188
Kr,DOJO-041-std,8.0,50.0,65,137.7061,0.4069,0.4617,0.647,0.8514,0.778,0.5866,0.0584,0.0786,0.1796,0.3992,0.0802,0.0723
Cr,SPMS,14.0,200.0,200,3373.7988,0.4082,1.9957,0.6303,0.5802,0.618,0.8838,0.2546,0.3113,0.3572,0.4154,0.2947,0.0854
Pb,PSL-US-v1-high,14.0,70.0,70,698.5882,0.4155,0.6694,0.0315,0.0208,0.0327,0.0938,0.1294,0.6595,1.1827,0.167,0.4573,0.4287
Ni,PSL-US-v0.x,10.0,45.0,50,183.7117,0.418,0.5027,0.6593,0.3548,0.4328,0.6811,0.4351,0.3601,0.8266,0.4217,0.426,0.1582
Ni,PSL-US-v1-low,10.0,45.0,50,183.7117,0.418,0.5027,0.6593,0.3548,0.4328,0.6811,0.4351,0.3601,0.8266,0.4217,0.426,0.1582
Ni,SG15,18.0,55.0,60,804.2798,0.4184,0.5815,0.4145,0.5339,0.5222,0.5557,0.0631,0.4347,0.9618,0.0534,0.5365,0.28
Sr,PSL-US-v1-high,10.0,35.0,55,126.0144,0.4214,0.2214,0.0849,0.0188,0.0142,0.0174,0.1089,0.1181,0.2135,0.1543,0.1218,1.4262
Sn,PSL-US-v1-high,14.0,70.0,70,698.5882,0.4241,0.7569,0.2062,0.2273,0.2226,0.0809,0.2245,0.7768,0.9402,0.2895,0.7005,0.5241
Np,MARBURG,15.0,40.0,60,346.4102,0.4242,0.3875,0.8906,0.543,0.4434,0.9155,0.3184,0.2425,0.3132,0.34,0.247,0.1494
Br,JTH-1.1-std,7.0,70.0,120,174.6471,0.4285,0.6041,0.1986,0.1813,0.157,0.1626,0.0561,0.2883,1.4307,0.0646,0.1807,0.0832
V,PSL-US-v1-high,13.0,65.0,70,538.9827,0.4289,0.742,0.5875,0.566,0.5355,0.7111,0.5038,0.4029,0.5563,0.5585,0.4437,0.274
Cr,SG15,14.0,40.0,45,301.7617,0.4308,0.4353,0.0636,0.4338,0.415,0.6645,0.3703,0.6689,0.8802,0.0379,0.6163,0.3334
In,GBRV-1.X,13.0,75.0,100,668.0312,0.4337,0.7624,0.1064,0.0271,0.0562,0.1683,0.3253,0.5899,1.1932,0.2383,0.5641,0.4949
Pd,SPMS,18.0,40.0,45,498.8306,0.4346,0.4661,0.3894,0.278,0.288,0.4135,0.3783,0.5545,1.1275,0.2951,0.5604,0.3233
O,GBRV-1.X,6.0,35.0,35,45.3652,0.4365,0.4773,0.5433,0.4456,0.4397,0.5013,0.5426,0.4836,0.8093,0.4836,0.5216,0.4767
Pb,PSL-PAW-v0.x,14.0,35.0,40,246.9882,0.4388,0.327,0.1166,0.0744,0.0947,0.197,0.0993,0.6967,1.2439,0.1279,0.4549,0.4527
Kr,SPMS,8.0,50.0,50,137.7061,0.4439,0.4849,0.6998,0.9209,0.8416,0.6268,0.0634,0.0686,0.182,0.4201,0.0678,0.0767
Cd,GBRV-1.X,12.0,90.0,100,748.2459,0.4455,1.0298,0.3403,0.4563,0.4092,0.3011,0.6909,0.5767,0.9149,0.3762,0.6123,0.3911
Mn,SG15,15.0,50.0,55,484.1229,0.4562,0.6272,0.555,0.6506,0.6725,0.5601,0.3564,0.5436,0.792,0.318,0.5446,0.3117
Sb,DOJO-041-std,15.0,75.0,75,889.3906,0.4611,0.7427,0.0354,0.1043,0.0969,0.0129,0.1523,0.5416,1.3758,0.2087,0.4208,0.531
Co,SG15,17.0,55.0,55,717.3977,0.4622,0.6403,0.2778,0.4452,0.4829,0.4009,0.4415,0.4741,1.0551,0.067,0.8342,0.3022
Li,SPMS,3.0,50.0,50,19.3649,0.4687,0.5768,0.2149,0.196,0.2026,0.1792,0.5804,0.4287,1.0836,0.8547,0.6306,0.003
Rb,DOJO-041-std,9.0,40.0,40,124.7077,0.4698,0.2677,0.026,0.0168,0.0183,0.0343,0.1141,0.0915,1.5856,0.1097,0.0884,0.0412
Sn,DOJO-041-std,14.0,65.0,65,625.0924,0.4798,0.7002,0.1268,0.1005,0.0888,0.0996,0.1893,0.8981,1.0729,0.2001,0.787,0.5776
Lu,DOJO-041-std,25.0,200.0,200,10758.2871,0.4809,2.0066,0.9134,0.2436,0.3079,0.7178,0.0569,0.2781,1.1503,0.3521,0.1442,0.1701
Sc,SPMS,11.0,35.0,35,152.4774,0.4828,0.1674,0.2956,0.0589,0.0395,1.5496,0.0141,0.2575,0.2616,0.4463,0.2277,0.1683
Lu,PSL-US-v1-high,35.0,150.0,150,13695.9164,0.4892,1.4964,0.554,0.8521,0.2449,1.0098,0.138,0.186,0.3952,0.9209,0.1438,0.1323
Ar,SPMS,8.0,65.0,150,204.1118,0.4906,0.6943,0.7496,0.9931,0.8613,0.6443,0.1491,0.078,0.3484,0.5976,0.0617,0.061
V,PSL-PAW-v1-low,13.0,65.0,70,538.9827,0.4959,0.7965,0.6415,0.6025,0.5734,0.8528,0.579,0.455,0.6338,0.6295,0.5001,0.3037
Ar,DOJO-041-std,8.0,60.0,65,181.0193,0.4998,0.6324,0.7765,1.0131,0.8802,0.6576,0.1953,0.0535,0.0396,0.627,0.0577,0.0984
Au,JTH-1.1-std,11.0,30.0,30,121.0,0.5026,0.2438,0.195,0.0695,0.0424,0.3507,0.0806,0.3596,1.628,0.0931,0.2986,0.2133
Na,SG15,9.0,80.0,80,352.7265,0.5042,0.9062,0.1386,0.1274,0.1513,0.2329,0.5318,0.6723,1.1903,0.6737,0.7684,0.3023
Fe,PSL-PAW-v0.x,16.0,75.0,80,1011.9289,0.506,0.895,0.5438,0.4351,0.4172,0.7895,0.5541,0.5561,1.0001,0.4887,0.6092,0.301
Pb,DOJO-041-std,14.0,45.0,50,360.075,0.508,0.4715,0.1164,0.1064,0.1258,0.1161,0.102,0.8081,1.4218,0.0937,0.5208,0.4923
Bi,PSL-PAW-v1-high,15.0,65.0,70,717.5806,0.5107,0.6844,0.0103,0.0839,0.0803,0.0275,0.2422,0.6304,1.5115,0.2722,0.4566,0.4966
V,JTH-1.1-std,13.0,30.0,30,169.0,0.5235,0.4552,0.5055,0.4739,0.4455,0.9673,0.7871,0.5752,0.487,0.6872,0.6257,0.4094
V,PSL-US-v1-low,13.0,65.0,70,538.9827,0.5251,0.8252,0.6938,0.6601,0.6203,0.8796,0.5978,0.4706,0.6371,0.6619,0.52,0.315
Fe,PSL-US-v0.x,16.0,75.0,80,1011.9289,0.5265,0.9165,0.6091,0.4241,0.4458,0.8215,0.5749,0.5656,0.9985,0.5398,0.6285,0.3125
Bi,PSL-US-v1-high,15.0,65.0,70,717.5806,0.5267,0.6988,0.0367,0.1092,0.1055,0.0146,0.2539,0.6472,1.5517,0.2876,0.4752,0.5093
Bi,PSL-PAW-v0.x,15.0,150.0,150,2515.5765,0.5344,1.5435,0.0689,0.0286,0.0269,0.0975,0.2316,0.6504,1.5877,0.2498,0.4557,0.5159
Sb,PSL-PAW-v1-low,5.0,30.0,30,25.0,0.5394,0.4832,0.4945,0.5469,0.5864,0.3654,0.5635,0.403,1.3632,0.4419,0.5162,0.3329
Li,JTH-1.1-std,3.0,50.0,55,19.3649,0.5403,0.6041,0.0683,0.0616,0.0522,0.0658,0.6999,0.5247,1.2193,0.9216,0.7716,0.0925
Te,DOJO-041-str,24.0,90.0,120,2992.9838,0.544,1.0182,0.2936,0.3824,0.375,0.4295,0.2513,0.4374,1.5646,0.4726,0.4144,0.4727
Bi,DOJO-041-std,15.0,55.0,60,558.5276,0.5451,0.5857,0.0888,0.0259,0.0302,0.0947,0.2014,0.6452,1.6393,0.1752,0.4773,0.4826
Fe,SG15,16.0,65.0,65,816.4472,0.5474,0.8621,0.7294,0.7306,0.7719,0.7525,0.6132,0.5564,0.8059,0.4141,0.5459,0.3419
Hf,GBRV-1.X,12.0,35.0,40,181.4607,0.5492,0.5546,0.4032,0.3951,0.2746,0.4363,0.8725,0.9604,0.6495,0.2541,0.8677,0.7647
Hf,GBRV-1.X,12.0,35.0,40,181.4607,0.5492,0.5546,0.4032,0.3951,0.2746,0.4363,0.8725,0.9604,0.6495,0.2541,0.8677,0.7647
Kr,JTH-1.1-std,8.0,45.0,45,117.5755,0.5513,0.6425,0.6672,0.6355,0.5823,0.7676,0.7222,0.4773,0.1451,1.0036,0.5394,0.5602
Os,JTH-1.1-std,8.0,30.0,30,64.0,0.5529,0.3395,0.1225,0.0597,0.0696,0.5574,0.3589,0.565,1.5683,0.0822,0.6851,0.3557
Br,PSL-US-v1-low,7.0,30.0,65,49.0,0.5617,0.2862,0.013,0.0272,0.0579,0.0454,0.1025,0.4976,1.7983,0.1356,0.4045,0.2375
Sb,PSL-US-v1-low,5.0,30.0,30,25.0,0.562,0.501,0.4928,0.551,0.5925,0.3756,0.5811,0.4182,1.4305,0.451,0.5385,0.3536
Hg,PSL-PAW-v1-high,20.0,150.0,150,4472.136,0.563,1.6946,0.7109,0.6618,0.7286,0.8991,0.3736,0.5271,1.0091,0.4506,0.4788,0.411
Br,PSL-PAW-v1-low,7.0,30.0,60,49.0,0.5669,0.2908,0.0157,0.0361,0.0704,0.0584,0.1088,0.5023,1.814,0.1479,0.4018,0.2421
Bi,SPMS,15.0,30.0,30,225.0,0.5677,0.3844,0.0343,0.0551,0.0493,0.0344,0.2815,0.7308,1.6204,0.2806,0.5711,0.5749
Pt,JTH-1.1-std,10.0,30.0,30,100.0,0.5707,0.2366,0.1418,0.0447,0.0594,0.2862,0.0658,0.2059,1.8845,0.0274,0.2509,0.1462
As,SG15,5.0,30.0,30,25.0,0.5737,0.3396,0.3684,0.1532,0.1284,0.3726,0.0558,0.698,1.7215,0.091,0.4775,0.2094
Am,MARBURG,17.0,40.0,60,444.9446,0.5778,0.4572,1.1758,0.6248,0.5178,1.3023,0.3032,0.2944,0.3874,0.4026,0.2777,0.1312
Po,PSL-US-v1-high,16.0,70.0,150,912.4417,0.5809,0.7656,0.0221,0.1417,0.1834,0.048,0.21,0.4937,1.79,0.2871,0.4847,0.4999
Ga,PSL-PAW-v0.x,13.0,45.0,70,310.4728,0.5914,0.6844,0.4348,0.4138,0.4201,0.4685,0.5319,0.9461,1.09,0.2569,1.0714,0.5449
He,SG15,2.0,45.0,45,7.3485,0.5989,0.6089,0.2979,0.2803,0.2824,0.0915,0.6759,0.5369,1.5726,0.323,0.9611,0.0684
Po,PSL-PAW-v1-high,16.0,70.0,150,912.4417,0.6033,0.7937,0.0183,0.1469,0.1913,0.0491,0.2421,0.5552,1.8254,0.3106,0.5268,0.5454
Hg,JTH-1.1-std,12.0,35.0,45,181.4607,0.6061,0.5374,0.6093,0.3706,0.268,0.2342,0.338,0.7398,1.6684,0.3131,0.5897,0.3899
Ni,JTH-1.1-std,18.0,75.0,75,1280.7225,0.6142,0.9756,0.8449,0.8957,0.9039,1.0047,0.4698,0.4217,0.7953,0.5494,0.5221,0.2274
La,GBRV-1.X,11.0,200.0,200,2082.8044,0.6164,2.0886,1.2756,0.394,0.6793,1.068,0.0629,0.1027,0.9784,0.6342,0.1332,0.0709
Hg,SPMS,20.0,45.0,50,734.8469,0.6258,0.5108,0.7202,0.9014,1.1217,1.4143,0.2459,0.1947,0.2564,0.3126,0.1943,0.1996
Pb,PSL-US-v0.x,14.0,40.0,40,301.7617,0.6309,0.4916,0.0525,0.0441,0.0688,0.0908,0.1007,0.9928,1.7608,0.151,0.5768,0.5421
Pd,GBRV-1.X,16.0,35.0,35,322.5969,0.6315,0.581,0.426,0.37,0.3882,0.58,0.5427,0.723,1.6141,0.4416,0.7048,0.4682
K,JTH-1.1-std,9.0,30.0,30,81.0,0.6453,0.4997,0.0383,0.0442,0.0435,0.0118,0.6571,0.7901,1.6482,0.5824,0.7588,0.6604
Rb,SPMS,9.0,30.0,30,81.0,0.6569,0.2508,0.0547,0.0618,0.0602,0.0624,0.1579,0.1576,2.175,0.1181,0.1484,0.0962
Ce,Wentzcovitch,12.0,35.0,35,181.4607,0.6592,0.6137,1.1867,1.1056,0.9173,0.7004,0.2614,0.3634,0.9785,0.4678,0.3588,0.3338
Hg,PSL-US-v1-low,12.0,50.0,50,309.8387,0.6667,0.7077,0.5103,0.2719,0.1793,0.1331,0.3974,0.7897,1.8872,0.3429,0.6591,0.4314
W,PSL-PAW-v1-low,14.0,35.0,35,246.9882,0.6785,0.718,0.525,0.5476,0.5117,0.5756,0.9708,0.8958,1.0842,0.7008,0.9288,0.747
La,Wentzcovitch,11.0,200.0,200,2082.8044,0.6809,2.2167,0.7749,0.3045,0.4734,0.8668,0.3435,0.4768,1.7643,0.5952,0.4551,0.3628
Rh,PSL-PAW-v0.x,17.0,45.0,45,530.9269,0.6854,0.7658,0.6917,0.5721,0.5851,0.8497,0.6215,0.6724,1.4829,0.5417,0.7827,0.4919
Sb,PSL-US-v1-high,15.0,70.0,100,801.9507,0.6882,0.9649,0.2934,0.4028,0.398,0.2293,0.3241,0.7789,1.8453,0.492,0.6532,0.7966
Te,SPMS,16.0,45.0,45,470.302,0.6889,0.5607,0.0338,0.1472,0.2311,0.0598,0.1751,0.5192,2.15,0.3062,0.4295,0.5379
Rh,PSL-US-v0.x,17.0,45.0,45,530.9269,0.6985,0.7797,0.7113,0.5943,0.6083,0.8693,0.631,0.6823,1.4947,0.5544,0.7925,0.4982
Zn,SPMS,20.0,55.0,55,992.938,0.7064,0.776,0.7463,1.6538,0.556,0.9707,0.4901,0.3805,1.016,0.1354,0.4194,0.2366
Cd,PSL-US-v1-low,12.0,55.0,55,357.4577,0.7123,0.7562,0.1001,0.1347,0.0936,0.2226,0.6042,0.8271,1.9744,0.3717,0.8005,0.543
Cr,JTH-1.1-std,14.0,40.0,40,301.7617,0.7142,0.5526,0.9573,0.7204,0.8385,1.7693,0.4838,0.4917,0.2666,0.2396,0.5062,0.469
Hg,PSL-PAW-v1-low,12.0,50.0,55,309.8387,0.7146,0.7608,0.6303,0.3771,0.2681,0.2566,0.3778,0.8305,1.9899,0.3533,0.672,0.4485
Po,DOJO-041-std,16.0,55.0,60,635.4803,0.7163,0.6912,0.0633,0.0742,0.1215,0.0193,0.2364,0.6624,2.1596,0.2646,0.5978,0.628
Na,GBRV-1.X,9.0,35.0,150,102.0717,0.7204,0.6548,0.1295,0.1231,0.1398,0.187,0.8884,1.0584,1.4491,0.836,1.109,0.6099
Cd,PSL-PAW-v1-low,12.0,55.0,80,357.4577,0.7293,0.7817,0.0894,0.1482,0.1122,0.1991,0.6901,0.848,1.9826,0.3925,0.8382,0.5734
I,SPMS,7.0,30.0,30,49.0,0.7422,0.3891,0.0563,0.0217,0.0637,0.015,0.0136,0.4446,2.3597,0.3026,0.4273,0.4678
Zn,SG15,20.0,60.0,60,1131.3708,0.7465,0.7281,0.5026,1.5475,1.0393,1.5144,0.3994,0.1629,0.6776,0.1197,0.1511,0.1525
Sm,PSL-US-v1-high,26.0,150.0,150,7557.9098,0.7569,1.5498,0.4606,0.4285,2.4406,0.0716,0.0488,0.1036,0.0171,0.2148,0.0893,0.0514
Zr,PSL-PAW-v0.x,12.0,30.0,45,144.0,0.7988,0.7212,0.5343,0.4175,0.4292,1.0689,1.1,1.1288,1.1561,0.7394,1.0874,0.798
Zr,PSL-US-v0.x,12.0,30.0,45,144.0,0.8117,0.7348,0.5543,0.4353,0.4456,1.0919,1.1124,1.1391,1.1672,0.7558,1.0971,0.8062
Cu,JTH-1.1-std,19.0,45.0,120,663.1993,0.8157,0.8225,0.982,1.0889,1.1091,1.1243,0.4747,0.5949,1.4822,0.2695,0.8099,0.1412
Sn,JTH-1.1-str,4.0,30.0,30,16.0,0.8187,0.5201,0.1437,0.2042,0.2538,0.1786,0.8993,0.787,2.427,0.3235,0.384,0.1585
Rb,SG15,9.0,30.0,30,81.0,0.8222,0.3279,0.056,0.0603,0.059,0.0594,0.1963,0.173,2.6946,0.183,0.1675,0.1363
Ta,PSL-PAW-v0.x,13.0,30.0,35,169.0,0.831,0.7957,0.4755,0.4577,0.5007,0.5554,1.2806,1.1841,1.2744,0.7637,1.1815,0.9431
Ne,SPMS,8.0,65.0,90,204.1118,0.8315,0.9873,1.3053,1.6178,1.4017,0.8778,0.4137,0.1966,0.5907,0.8067,0.2034,0.032
Ta,PSL-US-v0.x,13.0,30.0,35,169.0,0.8333,0.7987,0.4786,0.4637,0.5067,0.5565,1.2813,1.1857,1.2806,0.7656,1.1828,0.9431
Cu,PSL-US-v1-low,11.0,50.0,50,260.3505,0.8366,0.8414,2.3243,0.5144,0.5868,0.6712,0.6442,0.3525,0.76,0.6773,0.4272,0.386
Na,JTH-1.1-std,9.0,65.0,100,258.329,0.8608,1.0886,0.1895,0.2062,0.2034,0.1703,1.0657,1.1298,1.7493,1.1663,1.2219,0.615
Te,SG15,16.0,45.0,55,470.302,0.8608,0.755,0.158,0.3067,0.4086,0.2228,0.3118,0.7523,2.5349,0.4952,0.6428,0.735
I,SG15,17.0,55.0,60,717.3977,0.87,0.8286,0.0708,0.1594,0.2375,0.1373,0.2118,0.8382,2.5412,0.5175,0.6904,0.8112
Ta,PSL-US-v1-low,13.0,40.0,45,260.1925,0.8712,0.9409,0.5255,0.5111,0.5527,0.5932,1.3311,1.2238,1.3192,0.8093,1.2258,0.9696
Ta,PSL-PAW-v1-low,13.0,40.0,45,260.1925,0.8783,0.9484,0.5316,0.5172,0.5594,0.5979,1.3368,1.2309,1.3323,0.8165,1.2329,0.9779
At,PSL-US-v1-high,17.0,150.0,150,3231.1182,0.8785,1.8151,0.0771,0.2102,0.2846,0.1327,0.2498,0.8335,2.5004,0.5472,0.7916,0.9187
Ne,DOJO-041-std,8.0,100.0,100,389.4916,0.8842,1.3453,1.4087,1.7235,1.4736,0.9481,0.51,0.1101,0.4058,0.8756,0.1003,0.0265
Fe,JTH-1.1-std,16.0,40.0,45,394.1378,0.912,0.9561,0.9982,1.0061,1.0341,1.2244,0.9359,0.9911,1.342,0.7771,1.0659,0.4547
Ag,PSL-US-v1-low,11.0,60.0,60,342.2397,0.9292,1.054,0.6698,0.4508,0.47,0.9043,0.6323,1.0836,2.3297,0.4526,0.999,0.5982
Pd,PSL-US-v0.x,10.0,40.0,45,153.9601,0.9341,0.8512,0.6967,0.5976,0.6131,0.9256,0.5552,0.8355,2.4433,0.5385,0.8444,0.5368
Pd,PSL-US-v1-low,10.0,40.0,45,153.9601,0.9408,0.8988,0.802,0.7065,0.7147,0.9184,0.6299,0.8725,2.3352,0.5992,0.8947,0.5341
Pd,PSL-PAW-v1-low,10.0,40.0,45,153.9601,0.9457,0.8795,0.7416,0.6505,0.6573,0.8722,0.5854,0.8638,2.4475,0.5614,0.8619,0.5462
Br,PSL-US-v0.x,7.0,200.0,200,843.4497,0.9478,2.3503,0.2619,0.3015,0.3529,0.3133,0.3383,0.9134,2.7978,0.4297,0.8061,0.5507
Ag,PSL-PAW-v1-low,11.0,60.0,60,342.2397,0.9503,1.0601,0.6465,0.4345,0.4524,0.8758,0.6234,1.1109,2.4223,0.4201,1.0129,0.6181
Zn,DOJO-041-str,20.0,200.0,200,6885.3037,0.9515,2.1953,0.4469,2.1844,1.2444,1.8199,0.503,0.0799,0.4924,0.1454,0.0298,0.141
Zn,DOJO-041-std,20.0,75.0,75,1581.1388,0.9515,0.9453,0.4469,2.1844,1.2444,1.8199,0.503,0.0799,0.4924,0.1454,0.0298,0.141
Br,PSL-PAW-v0.x,7.0,200.0,200,843.4497,0.9583,2.359,0.2701,0.3107,0.3648,0.3265,0.3442,0.9128,2.829,0.4398,0.807,0.5527
Ne,DOJO-041-str,8.0,200.0,200,1101.6486,0.9672,2.3986,1.4301,2.0333,1.5446,0.9787,0.5389,0.1013,0.3988,0.9406,0.0879,0.0271
Mg,JTH-1.1-std,10.0,50.0,50,215.1657,0.9715,0.943,0.1915,0.334,0.3225,0.2254,1.4489,0.9654,2.3536,0.362,1.3526,0.2565
As,GBRV-1.X,5.0,30.0,120,25.0,0.9718,0.5582,0.3678,0.3461,0.335,0.3784,0.1617,0.6368,3.0487,0.3205,0.4385,0.2686
Au,SG15,19.0,40.0,40,555.7959,0.9778,0.949,1.3505,1.4541,1.4273,1.4587,0.8288,0.5628,0.5646,1.1398,0.6142,0.5985
Pd,PSL-PAW-v0.x,10.0,40.0,45,153.9601,0.9832,0.8978,0.7339,0.6509,0.6647,0.955,0.5747,0.8882,2.554,0.5658,0.8787,0.5692
La,SPMS,11.0,35.0,35,152.4774,0.9937,0.6883,0.3255,0.2579,0.3448,0.4037,0.4325,0.7052,3.0354,0.3594,0.6226,0.561
Te,PSL-PAW-v1-low,6.0,30.0,30,36.0,0.9969,0.4314,0.1329,0.0461,0.0796,0.034,0.0331,0.33,3.2283,0.172,0.257,0.3621
Kr,SG15,8.0,30.0,50,64.0,1.0003,0.7137,0.5376,0.7321,0.6607,0.492,0.3291,0.8372,2.9096,0.2306,0.6977,0.3885
Te,DOJO-041-std,16.0,65.0,90,816.4472,1.0258,1.0061,0.1348,0.2795,0.3829,0.1849,0.2869,0.7503,3.1173,0.4723,0.6487,0.7321
Hf,JTH-1.1-std,12.0,30.0,30,144.0,1.0384,0.871,0.1527,0.0494,0.136,0.3558,1.4869,1.6729,1.6694,0.7411,1.63,1.1497
At,PSL-PAW-v1-high,17.0,150.0,150,3231.1182,1.0406,1.9543,0.1337,0.2686,0.3576,0.195,0.3364,1.0117,2.9056,0.6595,0.9555,1.0595
La,JTH-1.1-std,11.0,30.0,30,121.0,1.0436,0.7401,0.764,0.2545,0.3934,1.1668,0.5248,0.7298,2.858,0.7523,0.6927,0.5918
Mn,JTH-1.1-std,15.0,200.0,200,3872.9833,1.0439,2.7135,1.1929,1.2297,1.1882,1.2371,1.1164,1.0672,1.3875,1.0765,1.1526,0.6106
Cl,SG15,7.0,45.0,45,90.0187,1.055,1.0333,0.771,0.7265,0.7416,0.7413,0.6172,1.1339,2.7159,0.5793,1.0317,0.5331
Te,PSL-US-v1-low,6.0,30.0,30,36.0,1.095,0.4572,0.074,0.0489,0.1252,0.052,0.0511,0.2964,3.546,0.1885,0.2371,0.3218
Rn,PSL-PAW-v1-high,18.0,150.0,150,3622.4301,1.1066,1.9868,0.0491,0.0485,0.0297,0.0542,0.452,1.3661,2.7839,0.3491,1.203,1.527
Rn,PSL-US-v1-high,18.0,150.0,150,3622.4301,1.1162,2.0551,0.2091,0.3309,0.4125,0.2667,0.4381,1.3586,2.7879,0.3145,1.196,1.5484
Cu,PSL-PAW-v0.x,11.0,80.0,150,526.9125,1.1169,1.5667,1.1525,1.1907,1.1926,1.3577,1.2097,1.1068,1.7317,1.0683,1.2396,0.6087
Ag,PSL-US-v0.x,11.0,45.0,45,222.2912,1.1221,1.101,0.8285,0.6237,0.6456,1.0952,0.8192,1.2982,2.6719,0.596,1.2206,0.7549
Ir,PSL-US-v0.x,9.0,30.0,30,81.0,1.1262,0.9844,1.0026,0.8819,0.9034,0.8648,0.7038,0.9214,2.7748,0.7457,1.1303,0.6956
Ir,PSL-PAW-v0.x,9.0,30.0,30,81.0,1.1273,0.987,1.0073,0.8873,0.9067,0.8721,0.7142,0.9217,2.769,0.7504,1.1323,0.6944
Ag,PSL-PAW-v0.x,11.0,45.0,45,222.2912,1.1347,1.118,0.8557,0.6516,0.6719,1.1317,0.8357,1.3007,2.6779,0.6341,1.2196,0.7651
I,DOJO-041-std,7.0,60.0,60,138.5929,1.1402,0.9478,0.0359,0.1176,0.1938,0.1095,0.1163,0.7457,3.5118,0.5038,0.6968,0.7442
Xe,DOJO-041-std,8.0,65.0,120,204.1118,1.1498,1.1815,0.4419,0.5663,0.5529,0.477,0.2386,1.1878,3.1829,0.0893,1.0279,1.0849
As,JTH-1.1-str,5.0,70.0,100,89.1056,1.1921,0.9614,0.0667,0.1003,0.101,0.1514,0.0537,0.7572,3.7867,0.2439,0.4357,0.3275
I,PSL-PAW-v1-low,7.0,30.0,30,49.0,1.1935,0.654,0.0159,0.0802,0.1671,0.0737,0.128,0.7676,3.7005,0.4236,0.6456,0.7535
I,PSL-US-v1-low,7.0,30.0,30,49.0,1.203,0.6586,0.0215,0.0867,0.1724,0.0798,0.1279,0.7735,3.7309,0.424,0.6479,0.7508
I,PSL-US-v1-high,17.0,65.0,90,921.6924,1.2074,1.1652,0.1796,0.2995,0.3865,0.2304,0.3235,1.0106,3.5523,0.6566,0.8873,0.9407
I,PSL-PAW-v1-high,17.0,60.0,120,817.4154,1.2099,1.1197,0.1885,0.3,0.3918,0.2432,0.326,1.0135,3.5551,0.6649,0.8933,0.9446
Bi,PSL-US-v0.x,15.0,45.0,45,413.3514,1.2191,1.1218,0.382,0.4765,0.4632,0.3393,0.6691,1.4204,3.2465,0.7734,1.0797,1.1351
Rn,DOJO-041-std,18.0,70.0,80,1154.8091,1.2198,1.4471,0.9648,1.4192,1.5131,1.0185,0.2754,1.1709,2.5674,0.0446,0.9951,1.3182
Hg,PSL-US-v0.x,12.0,120.0,150,1152.0,1.2247,1.7014,1.3477,1.7713,2.1728,2.4452,0.5134,0.4327,0.3607,0.5896,0.4916,0.4333
Hg,PSL-PAW-v0.x,12.0,120.0,150,1152.0,1.258,1.7792,1.4352,1.8374,2.2543,2.3681,0.6014,0.5171,0.4202,0.6609,0.5913,0.4948
I,DOJO-041-str,17.0,70.0,70,1030.0612,1.2663,1.2218,0.1287,0.2383,0.3241,0.1952,0.3037,1.0474,3.7526,0.6353,0.9015,0.9642
Ga,PSL-US-v1-high,13.0,60.0,60,478.0042,1.2761,1.2445,0.1492,0.3154,0.3564,0.0159,0.7195,1.8769,3.0725,0.177,1.9039,0.8301
Te,PSL-PAW-v1-high,16.0,70.0,70,912.4417,1.2905,1.3144,0.2817,0.4808,0.6109,0.3517,0.4466,0.9786,3.7795,0.7103,0.8916,0.9492
Cu,DOJO-041-str,19.0,200.0,200,6213.9866,1.3285,2.7515,2.1132,2.3126,1.9436,1.2787,0.2596,0.239,0.4293,1.8464,0.9169,0.303
Cu,DOJO-041-std,19.0,80.0,80,1572.0281,1.3439,1.5545,1.9535,2.3156,2.0395,1.3632,0.2022,0.2619,0.4144,1.9635,0.9447,0.295
Te,PSL-US-v1-high,16.0,70.0,100,912.4417,1.3638,1.3497,0.2955,0.4942,0.6263,0.353,0.4469,0.986,4.0251,0.7184,0.8991,0.9558
Se,PSL-US-v1-low,6.0,30.0,30,36.0,1.3831,0.7156,0.1002,0.207,0.2642,0.2246,0.215,0.7607,4.3619,0.3495,0.6145,0.467
Se,PSL-PAW-v1-low,6.0,30.0,30,36.0,1.4131,0.7296,0.1011,0.2121,0.2695,0.2303,0.2228,0.7608,4.4577,0.3548,0.6179,0.47
Cs,PSL-PAW-v1-low,9.0,30.0,40,81.0,1.4554,0.8817,0.1526,0.1237,0.1276,0.1561,0.5071,1.5577,4.3011,0.4263,1.0346,0.6046
Cu,PSL-US-v0.x,11.0,40.0,45,186.2917,1.4874,1.4388,3.0253,0.4247,1.4696,1.4376,1.6022,1.0568,1.6444,1.6541,1.2264,0.8456
Cs,PSL-US-v1-low,9.0,30.0,40,81.0,1.4975,0.9185,0.0684,0.0207,0.0192,0.0712,0.56,1.6654,4.3703,0.4714,1.1334,0.6658
Xe,PSL-PAW-v1-high,18.0,150.0,150,3622.4301,1.5308,2.2064,0.0263,0.0789,0.1,0.0779,0.6034,1.6623,4.2341,0.2675,1.4055,1.4848
Na,SPMS,9.0,45.0,45,148.8065,1.5317,1.6221,1.2048,1.0877,1.097,1.216,1.5289,1.755,2.755,1.8412,1.9758,0.9031
Xe,PSL-US-v1-high,18.0,150.0,150,3622.4301,1.5358,2.2805,0.2007,0.4027,0.4271,0.2341,0.5968,1.6578,4.2347,0.2332,1.3933,1.4784
As,PSL-US-v1-low,5.0,30.0,30,25.0,1.5539,0.8176,0.0864,0.1509,0.1291,0.1522,0.255,1.1345,4.8294,0.3812,0.737,0.5409
As,PSL-US-v0.x,5.0,30.0,30,25.0,1.5548,0.8185,0.0876,0.152,0.1301,0.1545,0.2556,1.1354,4.8318,0.3821,0.7376,0.5418
As,PSL-PAW-v1-low,5.0,35.0,35,31.5036,1.559,0.8659,0.0885,0.151,0.129,0.1596,0.2479,1.1241,4.8503,0.3764,0.7272,0.5371
As,PSL-PAW-v0.x,5.0,30.0,30,25.0,1.5609,0.8169,0.0903,0.1521,0.1299,0.1619,0.2482,1.1243,4.8564,0.377,0.7273,0.5372
Se,PSL-US-v0.x,6.0,30.0,30,36.0,1.5805,0.93,0.2666,0.3991,0.4662,0.3917,0.3336,0.968,4.8835,0.5236,0.8121,0.6174
Se,PSL-PAW-v0.x,6.0,30.0,30,36.0,1.6108,0.9396,0.2633,0.399,0.466,0.3926,0.3322,0.9618,4.9854,0.5228,0.8073,0.6182
Cs,GBRV-1.X,9.0,30.0,30,81.0,1.6537,1.0696,0.0671,0.0529,0.0557,0.0782,0.7303,1.6215,4.7589,0.6038,1.2186,1.2934
Zn,PSL-US-v1-high,20.0,100.0,100,2434.3225,1.6539,1.6781,1.1727,4.8268,0.7902,1.406,1.1947,0.2153,0.7143,0.3042,0.1794,0.3057
Au,PSL-PAW-v0.x,11.0,30.0,35,121.0,1.755,1.4814,1.3505,1.1092,1.035,1.7252,1.0363,1.641,4.2459,1.0508,1.5715,1.1919
Cu,SPMS,19.0,65.0,65,1151.3182,1.7584,1.7499,2.2331,2.5373,2.8318,2.0448,0.1603,0.4359,0.7695,2.7221,1.3787,0.4307
Ge,PSL-PAW-v1-low,4.0,30.0,30,16.0,1.7623,1.1403,0.1661,0.2365,0.4366,0.4225,0.0891,2.6558,4.6538,0.1655,1.7592,0.9897
Au,PSL-US-v0.x,11.0,30.0,35,121.0,1.7624,1.4877,1.3619,1.1158,1.0419,1.7377,1.0365,1.6498,4.2597,1.0508,1.5775,1.1951
Ge,PSL-US-v1-low,4.0,30.0,30,16.0,1.7691,1.1435,0.1477,0.2427,0.4421,0.3797,0.0849,2.6629,4.6774,0.1688,1.765,0.9851
Ar,JTH-1.1-std,8.0,150.0,150,715.5418,1.7882,2.4095,0.2091,0.1721,0.2207,0.1857,1.499,1.9564,4.9115,0.3203,1.8398,0.6565
Cs,SG15,9.0,35.0,40,102.0717,1.8546,1.1816,0.0511,0.0401,0.0436,0.0595,0.6914,1.9199,5.4373,0.5902,1.3097,0.8363
Pt,PSL-PAW-v0.x,10.0,30.0,30,100.0,1.8632,1.5846,1.4667,1.2458,1.2831,1.7474,1.0859,1.5246,4.5369,1.1714,1.6284,1.2182
Pt,PSL-US-v0.x,10.0,30.0,30,100.0,1.8711,1.5923,1.4819,1.2541,1.2932,1.7681,1.0884,1.5329,4.5441,1.1763,1.6355,1.2244
Xe,SPMS,8.0,30.0,30,64.0,1.8861,1.3048,0.3503,0.4828,0.4759,0.3781,0.5624,1.9321,5.2196,0.1486,1.6651,1.8066
Tb,Wentzcovitch,19.0,200.0,200,6213.9866,1.9208,3.0289,2.5111,2.7318,3.0186,3.3543,0.192,0.9374,2.0633,0.2466,0.5873,0.572
Xe,SG15,18.0,70.0,70,1154.8091,2.0792,2.021,0.8651,1.2977,1.3022,0.853,0.7105,2.1004,5.4798,0.1073,1.7372,1.8888
Pr,Wentzcovitch,13.0,30.0,35,169.0,2.1057,1.765,3.7137,3.6397,2.3783,2.3888,0.6876,1.0119,2.1753,1.2836,0.9269,0.9674
Fr,PSL-PAW-v1-high,19.0,150.0,150,4036.1027,2.145,2.7762,0.1703,0.1242,0.1416,0.1592,1.017,2.7148,5.3395,0.8388,2.4706,2.2687
Xe,JTH-1.1-std,8.0,30.0,150,64.0,2.1658,1.2823,0.1992,0.1493,0.165,0.2686,0.2779,1.9282,6.3136,0.0979,1.4929,1.815
Fr,PSL-US-v1-high,19.0,120.0,150,2888.0,2.1979,2.5059,0.0782,0.0104,0.0092,0.0815,1.0574,2.7825,5.4509,0.8891,2.5362,2.3375
Ho,Wentzcovitch,21.0,150.0,150,4930.5299,2.2805,2.9321,4.2384,3.4315,4.234,1.6844,0.332,0.8351,1.838,0.6407,0.4957,0.4437
Hf,PSL-US-v1-low,12.0,45.0,50,264.5449,2.3687,2.3162,0.7969,0.6266,0.7999,1.3533,3.5254,3.4614,3.2804,2.0337,3.3337,2.5378
Hf,PSL-PAW-v1-low,12.0,45.0,50,264.5449,2.4063,2.3666,0.8763,0.7112,0.8812,1.4695,3.5926,3.4761,3.2919,2.1137,3.3541,2.5522
Pr,JTH-1.1-std,13.0,30.0,35,169.0,2.4543,2.1176,4.113,3.8967,2.4463,2.9783,0.9392,1.3751,3.0291,1.5685,1.2673,1.3233
Dy,Wentzcovitch,20.0,120.0,150,3200.0,2.5332,2.7528,4.5211,3.5579,4.2225,3.1535,0.2527,1.043,2.2813,0.4323,0.6602,0.6044
Sb,JTH-1.1-str,5.0,30.0,30,25.0,2.5834,1.5984,0.1109,0.3236,0.2802,0.2416,0.3435,2.0805,7.5647,0.9407,1.4287,2.2128
Pb,JTH-1.1-str,4.0,30.0,30,16.0,2.6132,1.5114,0.1014,0.122,0.1298,0.1565,0.7765,2.9084,7.6501,0.2222,1.4652,1.1275
Pd,JTH-1.1-std,18.0,35.0,35,408.2867,2.6453,2.3788,3.4416,3.9196,4.0418,3.3976,1.9076,1.5948,1.2468,2.8082,1.364,1.5349
In,JTH-1.1-str,3.0,30.0,30,9.0,2.6655,1.6125,0.284,0.3092,0.3755,0.2364,0.8309,2.1097,7.8496,0.6217,2.5069,0.5246
Nd,Wentzcovitch,14.0,150.0,150,2191.3466,2.6736,3.3119,4.3893,5.1654,2.9623,3.2258,0.6694,1.1008,2.3637,1.3434,0.9422,0.9703
Ce,JTH-1.1-std,12.0,30.0,150,144.0,2.7221,2.4385,4.6609,3.1991,3.1352,3.1391,1.3205,1.6511,3.7369,2.148,1.5909,1.4043
Rn,JTH-1.1-std,8.0,30.0,45,64.0,2.773,1.8773,0.6467,0.6412,0.6681,0.7905,0.0842,2.4801,7.7284,0.6818,1.9232,2.9257
Lu,PSL-US-v1-low,11.0,35.0,35,152.4774,2.7896,2.5251,0.4406,0.6609,1.032,0.2047,5.0162,2.5463,1.8971,3.5825,4.5353,3.4652
Lu,PSL-PAW-v1-low,11.0,35.0,35,152.4774,2.8249,2.5208,0.3282,0.5593,0.9157,0.0566,5.1086,2.5816,1.881,3.6877,4.5735,3.5014
Po,DOJO-050-std,16.0,60.0,60,724.0773,2.8398,2.4095,1.6645,1.1549,1.1052,2.7594,1.9991,2.1584,7.5256,1.1645,2.1238,0.9898
Bi,DOJO-050-std,15.0,60.0,60,636.3961,2.9078,2.0004,0.4549,0.3812,0.1509,1.0483,1.8349,3.0016,8.4839,0.2435,0.2564,1.396
Te,JTH-1.1-std,6.0,30.0,30,36.0,2.9363,1.5832,0.2786,0.0714,0.296,0.0684,0.3552,1.5442,9.0593,0.7634,1.2499,1.5027
Te,DOJO-050-std,16.0,65.0,70,816.4472,2.9383,2.3389,1.1432,0.7766,0.7997,2.4672,1.9914,2.3518,8.1777,0.8855,2.0861,0.5877
Gd,Wentzcovitch,18.0,120.0,120,2592.0,2.9522,2.6969,7.4626,1.9151,1.5716,4.5093,0.3125,1.1679,2.4803,0.5701,0.8131,0.7793
Pm,Wentzcovitch,15.0,150.0,150,2515.5765,2.9624,3.4021,4.7525,5.9417,2.9782,3.9429,0.5479,1.1216,2.3865,1.1795,0.8971,0.9136
Pr,PSL-US-v1-high,23.0,200.0,200,9105.8142,2.9858,3.7213,2.6902,7.8844,4.2212,1.2911,0.8558,0.4801,0.2979,1.6284,0.5694,0.4646
Nd,JTH-1.1-std,14.0,120.0,120,1568.0,3.0933,3.4243,5.035,5.544,3.025,3.9886,0.9257,1.5223,3.2339,1.6586,1.3098,1.3643
Ra,PSL-PAW-v1-high,20.0,120.0,120,3200.0,3.15,2.9504,0.6629,0.3148,0.3566,0.0976,1.119,1.9893,9.2609,2.5295,1.7849,1.3355
Ba,DOJO-041-str,10.0,200.0,200,1721.3259,3.1927,3.5894,0.9696,0.3209,0.3272,2.8808,0.9889,1.4685,9.2633,2.1487,1.3805,1.037
Ra,PSL-US-v1-high,20.0,120.0,120,3200.0,3.2026,3.0221,0.7896,0.4208,0.4392,0.1616,1.1443,2.024,9.384,2.6221,1.8114,1.3635
Ba,PSL-PAW-v1-high,10.0,30.0,30,100.0,3.2482,1.9025,0.8589,0.2472,0.2595,2.7167,1.0023,1.5031,9.4964,2.1742,1.4112,1.0694
Ba,PSL-US-v1-high,10.0,30.0,30,100.0,3.2797,1.9448,0.9505,0.3161,0.3351,2.8753,1.0103,1.5206,9.5303,2.2267,1.4281,1.0851
Te,GBRV-1.X,6.0,30.0,30,36.0,3.2978,1.8428,0.4995,0.1847,0.148,0.1341,0.565,1.954,10.077,0.6839,1.6081,1.7651
Yb,Wentzcovitch,24.0,150.0,150,6439.8758,3.3303,3.3535,5.5548,4.1799,4.641,6.1889,0.3924,0.954,1.9947,1.5266,0.6213,0.4167
Ba,DOJO-041-std,10.0,35.0,40,126.0144,3.3636,2.0499,1.0187,0.3452,0.3522,3.0381,1.0509,1.5586,9.7423,2.2578,1.462,1.1118
Tm,Wentzcovitch,23.0,120.0,150,4232.0,3.4849,2.9345,5.1309,4.1538,4.6199,7.4441,0.4965,0.815,1.786,1.3683,0.4835,0.3561
Cs,JTH-1.1-std,9.0,75.0,90,320.1806,3.4893,2.7127,0.0094,0.0009,0.0052,0.0391,1.4774,3.8146,9.8437,1.2497,2.6129,1.9657
Ba,GBRV-1.X,10.0,200.0,200,1721.3259,3.5821,3.7139,0.4571,0.1682,0.1779,2.1916,1.0462,1.7947,10.7674,1.6812,1.5203,1.4118
At,JTH-1.1-std,7.0,30.0,30,49.0,3.7953,2.5068,0.7553,0.6362,0.3928,0.4117,0.6531,3.3517,10.7261,0.575,2.9816,3.3898
Ne,SG15,8.0,100.0,150,389.4916,3.8017,3.5489,0.6654,0.3591,0.4149,1.3138,2.5076,4.3731,9.4412,1.1293,4.9314,2.7179
Pm,JTH-1.1-std,15.0,120.0,120,1800.0,3.8082,3.8584,6.1078,7.1162,3.4758,5.2938,0.9614,1.7465,3.5144,1.7093,1.4329,1.4609
I,JTH-1.1-std,7.0,30.0,30,49.0,3.8539,2.004,0.132,0.0449,0.1896,0.0699,0.3524,1.9407,11.8905,0.8129,1.6199,1.898
Er,Wentzcovitch,22.0,150.0,150,5411.2845,3.8724,3.0714,4.4125,3.7027,4.4195,9.8144,0.3114,0.9641,2.0032,0.8084,0.6185,0.5022
Sm,JTH-1.1-std,16.0,150.0,150,2862.167,3.9969,4.1784,6.9111,7.0248,2.9234,6.0431,0.8818,1.8622,3.6611,1.5077,1.4724,1.4609
Po,JTH-1.1-std,6.0,30.0,30,36.0,4.4882,2.8605,0.1178,0.2803,0.5606,0.4072,1.2795,3.611,13.02,1.4891,3.1891,3.0975
Tb,JTH-1.1-std,19.0,120.0,150,2888.0,4.6254,4.0406,2.6766,4.0232,4.4223,10.5843,1.6049,3.4021,5.977,1.8904,2.7513,2.4171
Sm,Wentzcovitch,16.0,150.0,150,2862.167,4.6425,4.5597,7.4599,9.6599,3.8499,6.165,0.8534,1.6615,3.3864,1.6279,1.3661,1.2727
Gd,JTH-1.1-std,18.0,120.0,150,2592.0,4.6478,4.1008,9.8176,3.6017,3.1021,8.1981,1.008,2.5021,4.619,1.346,1.9201,1.7906
Eu,Wentzcovitch,17.0,150.0,150,3231.1182,4.6928,4.2346,11.1644,2.0219,2.7713,7.7807,1.0834,2.0675,4.0411,1.838,1.7022,1.521
Rb,JTH-1.1-std,9.0,30.0,30,81.0,4.7143,2.4581,0.2817,0.286,0.2866,0.156,1.5737,1.5285,14.6707,1.5922,1.4659,1.3379
Bi,JTH-1.1-str,5.0,40.0,40,38.49,4.7313,3.1405,0.1171,0.145,0.1902,0.1774,1.4384,4.7628,13.4024,1.4525,3.2554,3.5011
Yb,JTH-1.1-std,24.0,120.0,120,4608.0,5.0423,5.5605,4.1217,2.7591,3.4633,5.3996,4.6421,6.2141,8.8997,2.7317,5.7431,4.2701
Dy,JTH-1.1-std,20.0,150.0,150,4472.136,5.1955,4.928,4.4187,4.0547,5.0137,11.4502,2.1017,3.9887,6.5229,2.1899,3.3539,2.8079
Tm,JTH-1.1-std,23.0,150.0,150,5914.3998,5.2622,5.8477,3.7367,3.0017,3.7065,7.6214,4.3516,6.0763,8.7276,3.3095,5.576,4.2436
Ba,JTH-1.1-std,10.0,150.0,150,1118.034,5.3023,4.3463,1.1799,0.3133,0.3896,4.5109,1.7543,2.5376,15.3426,3.3976,2.3603,1.9414
Eu,JTH-1.1-std,17.0,100.0,150,1758.798,5.7066,4.374,13.0948,1.6011,2.2739,9.8894,1.5854,2.9319,5.4516,2.3768,2.4333,2.2168
Er,JTH-1.1-std,22.0,150.0,150,5411.2845,6.2513,5.9578,3.23,2.8744,3.887,12.634,4.3268,6.2209,9.1654,3.9192,5.6733,4.4234
Ho,JTH-1.1-std,21.0,120.0,150,3528.0,7.1856,5.267,2.8865,2.7712,3.7964,17.9734,3.7069,5.6217,8.5354,3.8124,5.0439,4.029
Rn,DOJO-050-std,18.0,90.0,100,1683.5534,7.5217,7.1513,8.6075,9.2133,9.3863,9.7998,4.4592,4.1546,3.2778,12.3817,4.4782,3.903
Cu,PSL-US-v1-high,19.0,90.0,100,1875.811,7.7047,6.7812,15.3826,6.8202,4.9004,3.9032,15.3236,1.1238,4.2483,4.478,2.0866,2.1671
Pb,DOJO-050-std,14.0,90.0,100,1018.4459,9.4132,8.2209,4.9836,3.0223,2.098,6.6323,2.577,17.8941,15.5274,1.0359,11.3751,10.9748
Tl,DOJO-050-std,13.0,100.0,100,1028.5012,10.1229,9.9007,9.355,5.4857,6.5458,9.0264,9.4753,13.2284,7.6957,1.0757,15.869,14.9755
Yb,PSL-US-v1-high,34.0,150.0,150,12924.4729,12.0165,9.7962,31.4306,12.9383,6.1822,10.6992,5.9172,2.7762,3.5038,8.6193,2.9005,3.998
Er,PSL-US-v1-low,11.0,30.0,45,121.0,13.6066,6.5371,7.9491,9.761,14.3188,35.4307,5.3208,3.507,14.2761,1.4981,1.6722,1.4306
Er,PSL-PAW-v1-low,11.0,30.0,45,121.0,13.6238,6.5506,7.9842,9.7889,14.348,35.4664,5.3441,3.5009,14.2762,1.5115,1.6789,1.4224
Tm,PSL-US-v1-low,11.0,30.0,45,121.0,14.3784,7.4761,11.5384,12.1911,17.1002,36.3236,6.9238,1.4465,10.7097,4.3043,3.3007,0.6702
Tm,PSL-PAW-v1-low,11.0,30.0,45,121.0,14.4009,7.4969,11.5818,12.2264,17.1349,36.362,6.9544,1.4377,10.7041,4.3436,3.3108,0.6782
Yb,PSL-US-v1-low,10.0,50.0,55,215.1657,15.6288,9.3586,15.6146,14.2005,19.5949,37.3324,8.7668,1.1267,6.7437,9.1343,5.3551,2.7908
Yb,PSL-US-v1-low,11.0,35.0,45,152.4774,15.6288,9.2086,15.6146,14.2005,19.5949,37.3324,8.7668,1.1267,6.7437,9.1343,5.3551,2.7908
Yb,PSL-PAW-v1-low,10.0,50.0,55,215.1657,15.677,9.401,15.6884,14.2643,19.6655,37.4093,8.822,1.1431,6.7372,9.2036,5.3739,2.8105
Yb,PSL-PAW-v1-low,11.0,35.0,45,152.4774,15.677,9.251,15.6884,14.2643,19.6655,37.4093,8.822,1.1431,6.7372,9.2036,5.3739,2.8105
Ne,PSL-US-v1-high,8.0,50.0,60,137.7061,17.7389,14.4861,22.2584,35.9442,14.3904,15.6382,3.4502,5.8241,8.7922,27.3361,6.103,5.376
Gd,PSL-PAW-v1-low,11.0,40.0,40,186.2917,24.2061,15.3383,48.5781,12.9139,14.9274,43.756,0.942,9.0093,31.2937,10.9979,3.0678,6.3151
Ce,PSL-PAW-v1-low,11.0,40.0,40,186.2917,24.2069,21.2886,43.9676,29.4827,36.6639,23.0993,8.4226,15.1137,21.3666,15.7931,9.6884,11.099
Gd,PSL-US-v1-low,11.0,40.0,40,186.2917,24.2762,15.3773,48.7062,12.9732,14.9786,43.9625,0.9697,9.0226,31.2685,11.0637,3.0812,6.3318
Ce,PSL-US-v1-low,11.0,40.0,40,186.2917,24.3018,21.361,44.1674,29.5461,36.7989,23.2528,8.4644,15.1284,21.4394,15.8848,9.7046,11.115
Eu,PSL-PAW-v1-low,11.0,40.0,40,186.2917,30.9048,21.1427,73.9878,24.8686,29.1702,40.8334,2.3177,9.9747,25.0837,13.4848,4.0473,7.3498
Eu,PSL-US-v1-low,11.0,40.0,40,186.2917,30.9265,21.1773,73.924,24.9436,29.2695,40.9498,2.367,9.9943,25.0981,13.5599,4.0686,7.3709
Sm,PSL-PAW-v1-low,11.0,45.0,45,222.2912,33.0631,24.526,69.7052,39.7554,44.082,40.4973,3.994,11.1526,21.3848,16.0809,5.4657,8.6633
Sm,PSL-US-v1-low,11.0,45.0,45,222.2912,33.1591,24.5971,69.8686,39.9217,44.2292,40.633,4.0319,11.1663,21.3883,16.1565,5.4802,8.6809
Dy,PSL-US-v1-high,30.0,200.0,200,15491.9334,40.1957,21.903,118.5332,5.9742,44.9731,7.1359,1.4178,2.4724,0.5812,3.4469,3.3613,1.9668
